model,calculusType,cell,alpha_0,beta_0,r_nucleus,r_domain,radiation_type,particle,meanEnergy,meanEnergy_sigma,meanLET,meanLET_sigma,LETd,LETd_sigma,nFractions,timeSpacing,fracDeliveryTime,alpha,beta,alpha_sigma,beta_sigma
MKM,rapidMKM_Kase2008,HSG,0.312,0.073,4.611,0.365,Spectrum,ParticleFieldBF0.mixedField,15.4196,0.395769,0.00342618,0.00321709,0.00644695,0.0143407,1,0,0,0.445652,0.073,0,0
MKM,rapidMKM_Kase2008,HSG,0.312,0.073,4.611,0.365,Spectrum,ParticleFieldBF1.mixedField,1039.86,239.753,0.0318154,0.06438,0.162091,0.307501,1,0,0,0.70449,0.073,0,0
MKM,rapidMKM_Kase2008,HSG,0.312,0.073,4.611,0.365,Spectrum,ParticleFieldBF2.mixedField,951.749,282.243,0.0326098,0.0669536,0.170077,0.314129,1,0,0,0.719234,0.073,0,0
MKM,rapidMKM_Kase2008,HSG,0.312,0.073,4.611,0.365,Spectrum,ParticleFieldBF3.mixedField,877.113,297.938,0.0330173,0.0671448,0.169564,0.312083,1,0,0,0.73563,0.073,0,0
MKM,rapidMKM_Kase2008,HSG,0.312,0.073,4.611,0.365,Spectrum,ParticleFieldBF4.mixedField,824.885,308.27,0.0330914,0.0665823,0.16706,0.306911,1,0,0,0.748989,0.073,0,0
MKM,rapidMKM_Kase2008,HSG,0.312,0.073,4.611,0.365,Spectrum,ParticleFieldBF5.mixedField,757.32,303.486,0.033883,0.0674724,0.168243,0.307952,1,0,0,0.770118,0.073,0,0
MKM,rapidMKM_Kase2008,HSG,0.312,0.073,4.611,0.365,Spectrum,ParticleFieldBF6.mixedField,691.419,293.342,0.0349751,0.068687,0.169868,0.30986,1,0,0,0.796757,0.073,0,0
MKM,rapidMKM_Kase2008,HSG,0.312,0.073,4.611,0.365,Spectrum,ParticleFieldBF7.mixedField,626.238,278.028,0.036381,0.070021,0.171147,0.310554,1,0,0,0.827492,0.073,0,0
MKM,rapidMKM_Kase2008,HSG,0.312,0.073,4.611,0.365,Spectrum,ParticleFieldBF8.mixedField,559.405,257.304,0.0382195,0.0715333,0.172104,0.309547,1,0,0,0.866159,0.073,0,0
MKM,rapidMKM_Kase2008,HSG,0.312,0.073,4.611,0.365,Spectrum,ParticleFieldBF9.mixedField,491.963,232.338,0.040923,0.0750293,0.178484,0.320601,1,0,0,0.915924,0.073,0,0
MKM,rapidMKM_Kase2008,HSG,0.312,0.073,4.611,0.365,Spectrum,ParticleFieldBF10.mixedField,414.037,205.656,0.0441196,0.074424,0.169663,0.30095,1,0,0,0.989961,0.073,0,0
MKM,rapidMKM_Kase2008,HSG,0.312,0.073,4.611,0.365,Spectrum,ParticleFieldBF11.mixedField,327.362,170.589,0.050414,0.0785291,0.172737,0.294736,1,0,0,1.10629,0.073,0,0
MKM,rapidMKM_Kase2008,HSG,0.312,0.073,4.611,0.365,Spectrum,ParticleFieldBF12.mixedField,233.737,122.628,0.0622152,0.0889542,0.1894,0.304739,1,0,0,1.2893,0.073,0,0
MKM,rapidMKM_Kase2008,HSG,0.312,0.073,4.611,0.365,Spectrum,ParticleFieldBF13.mixedField,69.987,27.0442,0.174295,0.144294,0.293752,0.254733,1,0,0,1.6053,0.073,0,0
MKM,rapidMKM_Kase2008,HSG,0.312,0.073,4.611,0.365,Spectrum,ParticleFieldBF14.mixedField,39.141,31.1416,0.146647,0.296392,0.745691,0.198351,1,0,0,0.579238,0.073,0,0
MKM,rapidMKM_Kase2008,HSG,0.312,0.073,4.611,0.365,Spectrum,ParticleFieldBF15.mixedField,45.4223,29.4799,0.0233579,0.102815,0.475922,0.418278,1,0,0,0.874156,0.073,0,0
MKM,rapidMKM_Kase2008,HSG,0.312,0.073,4.611,0.365,Spectrum,ParticleFieldBF16.mixedField,45.4827,29.0894,0.0178823,0.0804497,0.379813,0.389985,1,0,0,0.847579,0.073,0,0
MKM,rapidMKM_Kase2008,HSG,0.312,0.073,4.611,0.365,Spectrum,ParticleFieldBF17.mixedField,45.4417,29.0365,0.0161987,0.0773326,0.385385,0.366093,1,0,0,0.725053,0.073,0,0
MKM,rapidMKM_Kase2008,HSG,0.312,0.073,4.611,0.365,Spectrum,ParticleFieldBF18.mixedField,45.0849,28.5434,0.0148683,0.0731273,0.374533,0.367165,1,0,0,0.682443,0.073,0,0
MKM,rapidMKM_Kase2008,HSG,0.312,0.073,4.611,0.365,Spectrum,ParticleFieldBF19.mixedField,44.3617,27.4828,0.0138758,0.0682593,0.349663,0.389965,1,0,0,0.723943,0.073,0,0
MKM,rapidMKM_Kase2008,HSG,0.312,0.073,4.611,0.365,Spectrum,ParticleFieldBF20.mixedField,43.0759,26.3747,0.0144931,0.0702987,0.355476,0.358469,1,0,0,0.708717,0.073,0,0
MKM,rapidMKM_Kase2008,HSG,0.312,0.073,4.611,0.365,Spectrum,ParticleFieldBF21.mixedField,41.8341,24.9321,0.0157158,0.0772928,0.395853,0.366672,1,0,0,0.67353,0.073,0,0
MKM,rapidMKM_Kase2008,HSG,0.312,0.073,4.611,0.365,Spectrum,ParticleFieldBF22.mixedField,40.8482,24.0429,0.0143583,0.0693555,0.349368,0.362076,1,0,0,0.731565,0.073,0,0
MKM,rapidMKM_Kase2008,HSG,0.312,0.073,4.611,0.365,Spectrum,ParticleFieldBF23.mixedField,39.5941,22.9569,0.014208,0.0678912,0.338619,0.352308,1,0,0,0.750608,0.073,0,0
MKM,rapidMKM_Kase2008,HSG,0.312,0.073,4.611,0.365,Spectrum,ParticleFieldBF24.mixedField,38.4724,21.9307,0.0142561,0.0679116,0.337766,0.36139,1,0,0,0.779037,0.073,0,0
MKM,rapidMKM_Kase2008,HSG,0.312,0.073,4.611,0.365,Spectrum,ParticleFieldBF25.mixedField,37.4762,21.0875,0.0135198,0.0627679,0.304929,0.34374,1,0,0,0.830945,0.073,0,0
MKM,rapidMKM_Kase2008,HSG,0.312,0.073,4.611,0.365,Spectrum,ParticleFieldBF26.mixedField,36.4802,20.2353,0.0133967,0.0618089,0.298567,0.341844,1,0,0,0.862291,0.073,0,0
MKM,rapidMKM_Kase2008,HSG,0.312,0.073,4.611,0.365,Spectrum,ParticleFieldBF27.mixedField,35.5496,19.7022,0.0141602,0.0658272,0.320174,0.348776,1,0,0,0.848295,0.073,0,0
MKM,rapidMKM_Kase2008,HSG,0.312,0.073,4.611,0.365,Spectrum,ParticleFieldBF28.mixedField,34.5902,18.7447,0.0119746,0.0553476,0.267797,0.35666,1,0,0,0.989799,0.073,0,0
MKM,rapidMKM_Kase2008,HSG,0.312,0.073,4.611,0.365,Spectrum,ParticleFieldBF29.mixedField,33.3113,17.8845,0.0134684,0.0620694,0.299518,0.348789,1,0,0,0.931382,0.073,0,0
MKM,rapidMKM_Kase2008,HSG,0.312,0.073,4.611,0.365,Spectrum,ParticleFieldBF30.mixedField,32.5671,17.1384,0.0123289,0.0553777,0.261069,0.325543,1,0,0,1.02383,0.073,0,0
MKM,rapidMKM_Kase2008,HSG,0.312,0.073,4.611,0.365,Spectrum,ParticleFieldBF31.mixedField,31.7129,16.5362,0.0131088,0.0596491,0.284531,0.336404,1,0,0,1.00447,0.073,0,0
MKM,rapidMKM_Kase2008,HSG,0.312,0.073,4.611,0.365,Spectrum,ParticleFieldBF32.mixedField,30.7325,15.6518,0.0128051,0.0565087,0.262177,0.314824,1,0,0,1.06754,0.073,0,0
MKM,rapidMKM_Kase2008,HSG,0.312,0.073,4.611,0.365,Spectrum,ParticleFieldBF33.mixedField,30.1235,14.9738,0.0121423,0.0538989,0.251397,0.309423,1,0,0,1.11498,0.073,0,0
MKM,rapidMKM_Kase2008,HSG,0.312,0.073,4.611,0.365,Spectrum,ParticleFieldBF34.mixedField,29.3431,14.5212,0.012124,0.0532256,0.245789,0.299852,1,0,0,1.15778,0.073,0,0
MKM,rapidMKM_Kase2008,HSG,0.312,0.073,4.611,0.365,Spectrum,ParticleFieldBF35.mixedField,28.5834,13.7603,0.0114601,0.0530282,0.256833,0.358625,1,0,0,1.21003,0.073,0,0
MKM,rapidMKM_Kase2008,HSG,0.312,0.073,4.611,0.365,Spectrum,ParticleFieldBF36.mixedField,27.8693,13.2163,0.0119475,0.0515211,0.234122,0.284297,1,0,0,1.21995,0.073,0,0
MKM,rapidMKM_Kase2008,HSG,0.312,0.073,4.611,0.365,Spectrum,ParticleFieldBF37.mixedField,27.2902,12.6547,0.0101439,0.046106,0.219705,0.329395,1,0,0,1.27442,0.073,0,0
MKM,rapidMKM_Kase2008,HSG,0.312,0.073,4.611,0.365,Spectrum,ParticleFieldBF38.mixedField,26.5374,12.3115,0.0122446,0.0517598,0.231042,0.270135,1,0,0,1.27906,0.073,0,0
MKM,rapidMKM_Kase2008,HSG,0.312,0.073,4.611,0.365,Spectrum,ParticleFieldBF39.mixedField,26.1314,11.9356,0.0128875,0.0562281,0.25821,0.304237,1,0,0,1.28324,0.073,0,0
MKM,rapidMKM_Kase2008,HSG,0.312,0.073,4.611,0.365,Spectrum,ParticleFieldBF40.mixedField,25.588,11.411,0.012128,0.050693,0.224016,0.26162,1,0,0,1.358,0.073,0,0
MKM,rapidMKM_Kase2008,HSG,0.312,0.073,4.611,0.365,Spectrum,ParticleFieldBF41.mixedField,25.2584,11.1175,0.0130527,0.0561682,0.254754,0.292307,1,0,0,1.33583,0.073,0,0
MKM,rapidMKM_Kase2008,HSG,0.312,0.073,4.611,0.365,Spectrum,ParticleFieldBF42.mixedField,24.8615,10.8878,0.0107506,0.0488465,0.23269,0.332648,1,0,0,1.41081,0.073,0,0
MKM,rapidMKM_Kase2008,HSG,0.312,0.073,4.611,0.365,Spectrum,ParticleFieldBF43.mixedField,24.1851,10.4388,0.0115401,0.0495791,0.224544,0.288041,1,0,0,1.4452,0.073,0,0
MKM,rapidMKM_Kase2008,HSG,0.312,0.073,4.611,0.365,Spectrum,ParticleFieldBF44.mixedField,23.9147,10.2102,0.0131844,0.0545334,0.238745,0.269941,1,0,0,1.43559,0.073,0,0
MKM,rapidMKM_Kase2008,HSG,0.312,0.073,4.611,0.365,Spectrum,ParticleFieldBF45.mixedField,23.4921,9.78907,0.0126589,0.0481788,0.196024,0.192175,1,0,0,1.50672,0.073,0,0
MKM,rapidMKM_Kase2008,HSG,0.312,0.073,4.611,0.365,Spectrum,ParticleFieldBF46.mixedField,23.058,9.61721,0.0105329,0.0423185,0.180558,0.230587,1,0,0,1.51302,0.073,0,0
MKM,rapidMKM_Kase2008,HSG,0.312,0.073,4.611,0.365,Spectrum,ParticleFieldBF47.mixedField,22.6009,9.06089,0.0115847,0.0440164,0.178826,0.213967,1,0,0,1.59214,0.073,0,0
MKM,rapidMKM_Kase2008,HSG,0.312,0.073,4.611,0.365,Spectrum,ParticleFieldBF48.mixedField,22.2863,8.49376,0.0123798,0.0476587,0.195852,0.223623,1,0,0,1.5806,0.073,0,0
MKM,rapidMKM_Kase2008,HSG,0.312,0.073,4.611,0.365,Spectrum,ParticleFieldBF49.mixedField,21.9002,8.25051,0.0117995,0.0466563,0.196282,0.258032,1,0,0,1.60109,0.073,0,0
MKM,rapidMKM_Kase2008,HSG,0.312,0.073,4.611,0.365,Spectrum,ParticleFieldBF50.mixedField,21.7116,8.57017,0.0109072,0.0444301,0.191891,0.261457,1,0,0,1.56731,0.073,0,0
MKM,rapidMKM_Kase2008,HSG,0.312,0.073,4.611,0.365,Spectrum,ParticleFieldBF51.mixedField,21.6005,8.18767,0.0107727,0.0405272,0.163238,0.209555,1,0,0,1.61063,0.073,0,0
MKM,rapidMKM_Kase2008,HSG,0.312,0.073,4.611,0.365,Spectrum,ParticleFieldBF52.mixedField,20.8839,7.7312,0.01245,0.0447877,0.17357,0.198174,1,0,0,1.67394,0.073,0,0
MKM,rapidMKM_Kase2008,HSG,0.312,0.073,4.611,0.365,Spectrum,ParticleFieldBF53.mixedField,20.9838,7.45226,0.0125865,0.0501094,0.212082,0.285115,1,0,0,1.63423,0.073,0,0
MKM,rapidMKM_Kase2008,HSG,0.312,0.073,4.611,0.365,Spectrum,ParticleFieldBF54.mixedField,20.7584,7.32159,0.0124989,0.049961,0.212205,0.285169,1,0,0,1.63539,0.073,0,0
MKM,rapidMKM_Kase2008,HSG,0.312,0.073,4.611,0.365,Spectrum,ParticleFieldBF55.mixedField,20.2245,6.90897,0.0128489,0.0469925,0.184716,0.227451,1,0,0,1.68872,0.073,0,0
MKM,rapidMKM_Kase2008,HSG,0.312,0.073,4.611,0.365,Spectrum,ParticleFieldBF56.mixedField,19.9732,7.05786,0.0132309,0.0504061,0.205265,0.253658,1,0,0,1.65592,0.073,0,0
MKM,rapidMKM_Kase2008,HSG,0.312,0.073,4.611,0.365,Spectrum,ParticleFieldBF57.mixedField,19.8647,6.85098,0.0133671,0.0461859,0.172949,0.200588,1,0,0,1.74347,0.073,0,0
MKM,rapidMKM_Kase2008,HSG,0.312,0.073,4.611,0.365,Spectrum,ParticleFieldBF58.mixedField,19.9037,6.83727,0.0124391,0.0441323,0.169014,0.212495,1,0,0,1.71059,0.073,0,0
MKM,rapidMKM_Kase2008,HSG,0.312,0.073,4.611,0.365,Spectrum,ParticleFieldBF59.mixedField,19.3155,6.73848,0.0127639,0.0472217,0.187467,0.257381,1,0,0,1.68739,0.073,0,0
MKM,rapidMKM_Kase2008,HSG,0.312,0.073,4.611,0.365,Spectrum,ParticleFieldBF60.mixedField,19.3529,6.57188,0.0119359,0.038366,0.135257,0.15261,1,0,0,1.74716,0.073,0,0
MKM,rapidMKM_Kase2008,HSG,0.312,0.073,4.611,0.365,Spectrum,ParticleFieldBF61.mixedField,18.7619,6.16785,0.015249,0.0535404,0.203234,0.255835,1,0,0,1.73601,0.073,0,0
MKM,rapidMKM_Kase2008,HSG,0.312,0.073,4.611,0.365,Spectrum,ParticleFieldBF62.mixedField,18.5404,6.00704,0.014544,0.0510494,0.193727,0.245652,1,0,0,1.74199,0.073,0,0
MKM,rapidMKM_Kase2008,HSG,0.312,0.073,4.611,0.365,Spectrum,ParticleFieldBF63.mixedField,18.3701,5.96813,0.0139037,0.0459902,0.166029,0.210781,1,0,0,1.778,0.073,0,0
MKM,rapidMKM_Kase2008,HSG,0.312,0.073,4.611,0.365,Spectrum,ParticleFieldBF64.mixedField,18.0018,5.6939,0.014416,0.0500535,0.188205,0.244868,1,0,0,1.73861,0.073,0,0
MKM,rapidMKM_Kase2008,HSG,0.312,0.073,4.611,0.365,Spectrum,ParticleFieldBF65.mixedField,17.9414,5.80234,0.0132908,0.0404186,0.136208,0.151888,1,0,0,1.80818,0.073,0,0
MKM,rapidMKM_Kase2008,HSG,0.312,0.073,4.611,0.365,Spectrum,ParticleFieldBF66.mixedField,17.8204,5.60538,0.0139169,0.0435645,0.150288,0.181117,1,0,0,1.80719,0.073,0,0
MKM,rapidMKM_Kase2008,HSG,0.312,0.073,4.611,0.365,Spectrum,ParticleFieldBF67.mixedField,17.5176,5.76346,0.0131157,0.0391467,0.129957,0.154991,1,0,0,1.79591,0.073,0,0
MKM,rapidMKM_Kase2008,HSG,0.312,0.073,4.611,0.365,Spectrum,ParticleFieldBF68.mixedField,17.2837,5.4272,0.0152767,0.0532262,0.200724,0.262874,1,0,0,1.72949,0.073,0,0
MKM,rapidMKM_Kase2008,HSG,0.312,0.073,4.611,0.365,Spectrum,ParticleFieldBF69.mixedField,17.2086,5.59075,0.0169298,0.0554694,0.198672,0.235698,1,0,0,1.7744,0.073,0,0
MKM,rapidMKM_Kase2008,HSG,0.312,0.073,4.611,0.365,Spectrum,ParticleFieldBF70.mixedField,16.7644,5.79173,0.0147463,0.0434252,0.142625,0.164167,1,0,0,1.84479,0.073,0,0
MKM,rapidMKM_Kase2008,HSG,0.312,0.073,4.611,0.365,Spectrum,ParticleFieldBF71.mixedField,16.7209,5.51752,0.0183091,0.0547973,0.182312,0.197738,1,0,0,1.83297,0.073,0,0
MKM,rapidMKM_Kase2008,HSG,0.312,0.073,4.611,0.365,Spectrum,ParticleFieldBF72.mixedField,16.4021,5.24717,0.0148993,0.0451655,0.151813,0.188532,1,0,0,1.8013,0.073,0,0
MKM,rapidMKM_Kase2008,HSG,0.312,0.073,4.611,0.365,Spectrum,ParticleFieldBF73.mixedField,16.158,5.31489,0.0160446,0.0458814,0.147248,0.175639,1,0,0,1.8714,0.073,0,0
MKM,rapidMKM_Kase2008,HSG,0.312,0.073,4.611,0.365,Spectrum,ParticleFieldBF74.mixedField,16.0144,5.42728,0.0178093,0.0490476,0.152888,0.142389,1,0,0,1.88613,0.073,0,0
MKM,rapidMKM_Kase2008,HSG,0.312,0.073,4.611,0.365,Spectrum,ParticleFieldBF75.mixedField,15.7857,5.31167,0.0162075,0.0419046,0.124552,0.0982096,1,0,0,1.90333,0.073,0,0
MKM,rapidMKM_Kase2008,HSG,0.312,0.073,4.611,0.365,Spectrum,ParticleFieldBF76.mixedField,15.5217,5.39806,0.0168913,0.0460398,0.14238,0.162668,1,0,0,1.87779,0.073,0,0
MKM,rapidMKM_Kase2008,HSG,0.312,0.073,4.611,0.365,Spectrum,ParticleFieldBF77.mixedField,15.2853,5.32886,0.0183103,0.0507221,0.158817,0.187884,1,0,0,1.88832,0.073,0,0
MKM,rapidMKM_Kase2008,HSG,0.312,0.073,4.611,0.365,Spectrum,ParticleFieldBF78.mixedField,15.2602,5.14597,0.0178638,0.0487356,0.150823,0.150338,1,0,0,1.88239,0.073,0,0
MKM,rapidMKM_Kase2008,HSG,0.312,0.073,4.611,0.365,Spectrum,ParticleFieldBF79.mixedField,14.9757,5.22399,0.0173233,0.0448414,0.133395,0.136721,1,0,0,1.90807,0.073,0,0
MKM,rapidMKM_Kase2008,HSG,0.312,0.073,4.611,0.365,Spectrum,ParticleFieldBF80.mixedField,15.0164,5.27084,0.0184028,0.0512911,0.161357,0.195351,1,0,0,1.86692,0.073,0,0
MKM,rapidMKM_Kase2008,HSG,0.312,0.073,4.611,0.365,Spectrum,ParticleFieldBF81.mixedField,14.7113,5.3087,0.018884,0.0503618,0.153194,0.170766,1,0,0,1.88851,0.073,0,0
MKM,rapidMKM_Kase2008,HSG,0.312,0.073,4.611,0.365,Spectrum,ParticleFieldBF82.mixedField,14.9411,6.30261,0.0179262,0.0483516,0.148343,0.17338,1,0,0,1.89399,0.073,0,0
MKM,rapidMKM_Kase2008,HSG,0.312,0.073,4.611,0.365,Spectrum,ParticleFieldBF83.mixedField,14.5491,5.18127,0.0189909,0.046232,0.13154,0.0899848,1,0,0,1.94301,0.073,0,0
MKM,rapidMKM_Kase2008,HSG,0.312,0.073,4.611,0.365,Spectrum,ParticleFieldBF84.mixedField,14.2579,5.11575,0.0181385,0.0516822,0.165398,0.24195,1,0,0,1.85813,0.073,0,0
MKM,rapidMKM_Kase2008,HSG,0.312,0.073,4.611,0.365,Spectrum,ParticleFieldBF85.mixedField,14.276,5.09174,0.0180529,0.0451989,0.131217,0.123468,1,0,0,1.90951,0.073,0,0
MKM,rapidMKM_Kase2008,HSG,0.312,0.073,4.611,0.365,Spectrum,ParticleFieldBF86.mixedField,13.9988,5.26903,0.0183796,0.0441999,0.124673,0.13785,1,0,0,1.92819,0.073,0,0
MKM,rapidMKM_Kase2008,HSG,0.312,0.073,4.611,0.365,Spectrum,ParticleFieldBF87.mixedField,13.8154,5.10145,0.0188302,0.0491588,0.147166,0.182351,1,0,0,1.88808,0.073,0,0
MKM,rapidMKM_Kase2008,HSG,0.312,0.073,4.611,0.365,Spectrum,ParticleFieldBF88.mixedField,13.8803,5.16808,0.0196962,0.0493942,0.143567,0.154508,1,0,0,1.92031,0.073,0,0
MKM,rapidMKM_Kase2008,HSG,0.312,0.073,4.611,0.365,Spectrum,ParticleFieldBF89.mixedField,13.4464,5.07091,0.0188191,0.0466657,0.134536,0.168448,1,0,0,1.91972,0.073,0,0
MKM,rapidMKM_Kase2008,HSG,0.312,0.073,4.611,0.365,Spectrum,ParticleFieldBF90.mixedField,13.456,5.03038,0.0185458,0.0448276,0.1269,0.133568,1,0,0,1.91031,0.073,0,0
MKM,rapidMKM_Kase2008,HSG,0.312,0.073,4.611,0.365,Spectrum,ParticleFieldBF91.mixedField,13.4811,5.06373,0.0185712,0.0441678,0.123615,0.128848,1,0,0,1.92428,0.073,0,0
MKM,rapidMKM_Kase2008,HSG,0.312,0.073,4.611,0.365,Spectrum,ParticleFieldBF92.mixedField,13.0011,4.91205,0.0188301,0.0453365,0.127985,0.137751,1,0,0,1.89926,0.073,0,0
MKM,rapidMKM_Kase2008,HSG,0.312,0.073,4.611,0.365,Spectrum,ParticleFieldBF93.mixedField,12.8071,5.02003,0.0221277,0.0524803,0.146595,0.15548,1,0,0,1.95026,0.073,0,0
MKM,rapidMKM_Kase2008,HSG,0.312,0.073,4.611,0.365,Spectrum,ParticleFieldBF94.mixedField,12.8836,4.85316,0.0183422,0.0398382,0.104868,0.0520357,1,0,0,1.94637,0.073,0,0
MKM,rapidMKM_Kase2008,HSG,0.312,0.073,4.611,0.365,Spectrum,ParticleFieldBF95.mixedField,12.5466,4.78722,0.0192946,0.0446517,0.122628,0.126067,1,0,0,1.93053,0.073,0,0
MKM,rapidMKM_Kase2008,HSG,0.312,0.073,4.611,0.365,Spectrum,ParticleFieldBF96.mixedField,12.7383,5.0342,0.022451,0.0526856,0.146088,0.14008,1,0,0,1.9448,0.073,0,0
MKM,rapidMKM_Kase2008,HSG,0.312,0.073,4.611,0.365,Spectrum,ParticleFieldBF97.mixedField,12.1807,4.66255,0.0208704,0.0492047,0.136877,0.138175,1,0,0,1.92315,0.073,0,0
MKM,rapidMKM_Kase2008,HSG,0.312,0.073,4.611,0.365,Spectrum,ParticleFieldBF98.mixedField,12.3046,4.83697,0.0203154,0.0463273,0.12596,0.130844,1,0,0,1.93884,0.073,0,0
MKM,rapidMKM_Kase2008,HSG,0.312,0.073,4.611,0.365,Spectrum,ParticleFieldBF99.mixedField,12.0637,4.80468,0.0214476,0.0530877,0.152852,0.196945,1,0,0,1.90237,0.073,0,0
MKM,rapidMKM_Kase2008,HSG,0.312,0.073,4.611,0.365,Spectrum,ParticleFieldBF100.mixedField,11.7866,4.78311,0.0207559,0.0437147,0.112825,0.0938619,1,0,0,1.96758,0.073,0,0
MKM,rapidMKM_Kase2008,HSG,0.312,0.073,4.611,0.365,Spectrum,ParticleFieldBF101.mixedField,11.81,4.66667,0.0210904,0.0465645,0.123898,0.104638,1,0,0,1.94778,0.073,0,0
MKM,rapidMKM_Kase2008,HSG,0.312,0.073,4.611,0.365,Spectrum,ParticleFieldBF102.mixedField,11.5162,4.69181,0.0226764,0.0468103,0.119306,0.053701,1,0,0,1.99314,0.073,0,0
MKM,rapidMKM_Kase2008,HSG,0.312,0.073,4.611,0.365,Spectrum,ParticleFieldBF103.mixedField,11.7309,4.7744,0.0227819,0.0498759,0.131974,0.125012,1,0,0,1.97185,0.073,0,0
MKM,rapidMKM_Kase2008,HSG,0.312,0.073,4.611,0.365,Spectrum,ParticleFieldBF104.mixedField,11.6679,4.72591,0.0195843,0.040558,0.103578,0.0690406,1,0,0,1.92612,0.073,0,0
MKM,rapidMKM_Kase2008,HSG,0.312,0.073,4.611,0.365,Spectrum,ParticleFieldBF105.mixedField,11.3346,4.83525,0.0228933,0.0448899,0.110915,0.0439046,1,0,0,2.01242,0.073,0,0
MKM,rapidMKM_Kase2008,HSG,0.312,0.073,4.611,0.365,Spectrum,ParticleFieldBF106.mixedField,11.4385,4.76264,0.0270654,0.0570635,0.147376,0.0784932,1,0,0,1.96454,0.073,0,0
MKM,rapidMKM_Kase2008,HSG,0.312,0.073,4.611,0.365,Spectrum,ParticleFieldBF107.mixedField,10.9366,4.6262,0.0218152,0.0439088,0.110193,0.0766537,1,0,0,1.96847,0.073,0,0
MKM,rapidMKM_Kase2008,HSG,0.312,0.073,4.611,0.365,Spectrum,ParticleFieldBF108.mixedField,10.9088,4.73565,0.0234059,0.0478691,0.121307,0.102926,1,0,0,1.97256,0.073,0,0
MKM,rapidMKM_Kase2008,HSG,0.312,0.073,4.611,0.365,Spectrum,ParticleFieldBF109.mixedField,10.6532,4.53922,0.0241807,0.0557746,0.152829,0.200316,1,0,0,1.93169,0.073,0,0
MKM,rapidMKM_Kase2008,HSG,0.312,0.073,4.611,0.365,Spectrum,ParticleFieldBF110.mixedField,10.7012,4.50254,0.0223447,0.0464148,0.118758,0.100073,1,0,0,1.951,0.073,0,0
MKM,rapidMKM_Kase2008,HSG,0.312,0.073,4.611,0.365,Spectrum,ParticleFieldBF111.mixedField,10.6732,4.50046,0.0219713,0.0439664,0.109952,0.0679743,1,0,0,1.95838,0.073,0,0
MKM,rapidMKM_Kase2008,HSG,0.312,0.073,4.611,0.365,Spectrum,ParticleFieldBF112.mixedField,10.6754,4.59816,0.0239141,0.0490927,0.124695,0.100527,1,0,0,1.97201,0.073,0,0
MKM,rapidMKM_Kase2008,HSG,0.312,0.073,4.611,0.365,Spectrum,ParticleFieldBF113.mixedField,10.4881,4.5661,0.0239291,0.046164,0.112989,0.0549863,1,0,0,1.99915,0.073,0,0
MKM,rapidMKM_Kase2008,HSG,0.312,0.073,4.611,0.365,Spectrum,ParticleFieldBF114.mixedField,10.2604,4.33024,0.0210482,0.041126,0.101404,0.0581166,1,0,0,1.93974,0.073,0,0
MKM,rapidMKM_Kase2008,HSG,0.312,0.073,4.611,0.365,Spectrum,ParticleFieldBF115.mixedField,10.2111,4.56787,0.0230541,0.04484,0.110267,0.0678055,1,0,0,1.98116,0.073,0,0
MKM,rapidMKM_Kase2008,HSG,0.312,0.073,4.611,0.365,Spectrum,ParticleFieldBF116.mixedField,10.3824,4.56037,0.0238228,0.051751,0.136243,0.16814,1,0,0,1.94546,0.073,0,0
MKM,rapidMKM_Kase2008,HSG,0.312,0.073,4.611,0.365,Spectrum,ParticleFieldBF117.mixedField,10.4063,4.63008,0.0226378,0.0452526,0.113097,0.1145,1,0,0,1.95202,0.073,0,0
MKM,rapidMKM_Kase2008,HSG,0.312,0.073,4.611,0.365,Spectrum,ParticleFieldBF118.mixedField,10.2514,4.67342,0.02664,0.0495794,0.118912,0.0442064,1,0,0,2.03374,0.073,0,0
MKM,rapidMKM_Kase2008,HSG,0.312,0.073,4.611,0.365,Spectrum,ParticleFieldBF119.mixedField,9.9718,4.45737,0.0246059,0.0503937,0.127814,0.142014,1,0,0,1.96393,0.073,0,0
MKM,rapidMKM_Kase2008,HSG,0.312,0.073,4.611,0.365,Spectrum,ParticleFieldBF120.mixedField,9.83877,4.45081,0.0257484,0.0518686,0.130235,0.133837,1,0,0,1.98302,0.073,0,0
MKM,rapidMKM_Kase2008,HSG,0.312,0.073,4.611,0.365,Spectrum,ParticleFieldBF121.mixedField,9.80413,4.45933,0.0250631,0.0459231,0.109208,0.0415104,1,0,0,2.0178,0.073,0,0
MKM,rapidMKM_Kase2008,HSG,0.312,0.073,4.611,0.365,Spectrum,ParticleFieldBF122.mixedField,9.60567,4.33589,0.0251147,0.0498024,0.123873,0.132703,1,0,0,1.97965,0.073,0,0
MKM,rapidMKM_Kase2008,HSG,0.312,0.073,4.611,0.365,Spectrum,ParticleFieldBF123.mixedField,9.61619,4.24226,0.0251497,0.0509764,0.128475,0.121192,1,0,0,1.96737,0.073,0,0
MKM,rapidMKM_Kase2008,HSG,0.312,0.073,4.611,0.365,Spectrum,ParticleFieldBF124.mixedField,9.64999,4.3926,0.0255768,0.0468353,0.11134,0.0420863,1,0,0,2.01991,0.073,0,0
MKM,rapidMKM_Kase2008,HSG,0.312,0.073,4.611,0.365,Spectrum,ParticleFieldBF125.mixedField,9.56381,4.43057,0.0238795,0.0432635,0.102262,0.0488637,1,0,0,1.98513,0.073,0,0
MKM,rapidMKM_Kase2008,HSG,0.312,0.073,4.611,0.365,Spectrum,ParticleFieldBF126.mixedField,9.54317,4.36844,0.0245288,0.0443929,0.104872,0.040764,1,0,0,2.00376,0.073,0,0
MKM,rapidMKM_Kase2008,HSG,0.312,0.073,4.611,0.365,Spectrum,ParticleFieldBF127.mixedField,9.34289,4.21992,0.0245548,0.0471844,0.115224,0.0920426,1,0,0,1.96625,0.073,0,0
MKM,rapidMKM_Kase2008,HSG,0.312,0.073,4.611,0.365,Spectrum,ParticleFieldBF128.mixedField,9.35449,4.29054,0.0246232,0.0480614,0.118433,0.134196,1,0,0,1.96953,0.073,0,0
MKM,rapidMKM_Kase2008,HSG,0.312,0.073,4.611,0.365,Spectrum,ParticleFieldBF129.mixedField,9.2192,4.38092,0.0260264,0.047623,0.113167,0.0896011,1,0,0,1.99865,0.073,0,0
MKM,rapidMKM_Kase2008,HSG,0.312,0.073,4.611,0.365,Spectrum,ParticleFieldBF130.mixedField,9.2859,4.33085,0.027093,0.04898,0.115641,0.0427113,1,0,0,2.02892,0.073,0,0
MKM,rapidMKM_Kase2008,HSG,0.312,0.073,4.611,0.365,Spectrum,ParticleFieldBF131.mixedField,9.12923,4.23935,0.026304,0.0471351,0.110767,0.0418186,1,0,0,2.02027,0.073,0,0
MKM,rapidMKM_Kase2008,HSG,0.312,0.073,4.611,0.365,Spectrum,ParticleFieldBF132.mixedField,9.26991,4.30971,0.0267171,0.0480707,0.113208,0.0434306,1,0,0,2.02371,0.073,0,0
MKM,rapidMKM_Kase2008,HSG,0.312,0.073,4.611,0.365,Spectrum,ParticleFieldBF133.mixedField,8.95068,4.20938,0.0278343,0.0517572,0.124076,0.0852796,1,0,0,1.99975,0.073,0,0
MKM,rapidMKM_Kase2008,HSG,0.312,0.073,4.611,0.365,Spectrum,ParticleFieldBF134.mixedField,8.75889,4.27103,0.0275568,0.0498764,0.117831,0.0959236,1,0,0,2.00073,0.073,0,0
MKM,rapidMKM_Kase2008,HSG,0.312,0.073,4.611,0.365,Spectrum,ParticleFieldBF135.mixedField,8.85186,4.23789,0.0270304,0.0470759,0.109017,0.0407029,1,0,0,2.02463,0.073,0,0
MKM,rapidMKM_Kase2008,HSG,0.312,0.073,4.611,0.365,Spectrum,ParticleFieldBF136.mixedField,9.00629,4.35572,0.0287977,0.052137,0.12319,0.0855725,1,0,0,2.0235,0.073,0,0
MKM,rapidMKM_Kase2008,HSG,0.312,0.073,4.611,0.365,Spectrum,ParticleFieldBF137.mixedField,8.84,4.23619,0.02766,0.0488074,0.113783,0.053971,1,0,0,2.02464,0.073,0,0
MKM,rapidMKM_Kase2008,HSG,0.312,0.073,4.611,0.365,Spectrum,ParticleFieldBF138.mixedField,8.62375,4.12058,0.0272413,0.0474114,0.109757,0.0412047,1,0,0,2.02232,0.073,0,0
MKM,rapidMKM_Kase2008,HSG,0.312,0.073,4.611,0.365,Spectrum,ParticleFieldBF139.mixedField,8.74514,4.20327,0.0257658,0.0466364,0.110178,0.0956716,1,0,0,1.97749,0.073,0,0
MKM,rapidMKM_Kase2008,HSG,0.312,0.073,4.611,0.365,Spectrum,ParticleFieldBF140.mixedField,8.61594,4.08825,0.0269744,0.0487537,0.115092,0.0790504,1,0,0,1.99954,0.073,0,0
MKM,rapidMKM_Kase2008,HSG,0.312,0.073,4.611,0.365,Spectrum,ParticleFieldBF141.mixedField,8.43617,4.07648,0.0266491,0.046004,0.106065,0.0407307,1,0,0,2.00948,0.073,0,0
MKM,rapidMKM_Kase2008,HSG,0.312,0.073,4.611,0.365,Spectrum,ParticleFieldBF142.mixedField,8.20826,4.08169,0.0276842,0.047203,0.108168,0.0626355,1,0,0,2.00655,0.073,0,0
MKM,rapidMKM_Kase2008,HSG,0.312,0.073,4.611,0.365,Spectrum,ParticleFieldBF143.mixedField,8.60695,4.19491,0.0275212,0.0473191,0.10888,0.0441783,1,0,0,2.02227,0.073,0,0
MKM,rapidMKM_Kase2008,HSG,0.312,0.073,4.611,0.365,Spectrum,ParticleFieldBF144.mixedField,8.49156,4.16633,0.0273616,0.0463974,0.106038,0.0394982,1,0,0,2.02193,0.073,0,0
MKM,rapidMKM_Kase2008,HSG,0.312,0.073,4.611,0.365,Spectrum,ParticleFieldBF145.mixedField,8.47258,4.03914,0.0285799,0.0508997,0.11923,0.0694125,1,0,0,2.01819,0.073,0,0
MKM,rapidMKM_Kase2008,HSG,0.312,0.073,4.611,0.365,Spectrum,ParticleFieldBF146.mixedField,8.3336,3.95097,0.0290094,0.0511066,0.119045,0.0441036,1,0,0,2.02473,0.073,0,0
MKM,rapidMKM_Kase2008,HSG,0.312,0.073,4.611,0.365,Spectrum,ParticleFieldBF147.mixedField,8.61677,4.22235,0.0284592,0.0485921,0.111427,0.0403682,1,0,0,2.03743,0.073,0,0
MKM,rapidMKM_Kase2008,HSG,0.312,0.073,4.611,0.365,Spectrum,ParticleFieldBF148.mixedField,8.36196,4.10831,0.0270359,0.0455735,0.103858,0.0391458,1,0,0,2.01377,0.073,0,0
MKM,rapidMKM_Kase2008,HSG,0.312,0.073,4.611,0.365,Spectrum,ParticleFieldBF149.mixedField,8.46053,4.12089,0.0269158,0.0464894,0.107213,0.0575689,1,0,0,2.00514,0.073,0,0
MKM,rapidMKM_Kase2008,HSG,0.312,0.073,4.611,0.365,Spectrum,ParticleFieldBF150.mixedField,8.29294,4.14719,0.0291285,0.0508468,0.117887,0.076413,1,0,0,2.00988,0.073,0,0
MKM,rapidMKM_Kase2008,HSG,0.312,0.073,4.611,0.365,Spectrum,ParticleFieldBF151.mixedField,8.44343,4.26252,0.0298739,0.0500305,0.113661,0.0399968,1,0,0,2.04948,0.073,0,0
MKM,rapidMKM_Kase2008,HSG,0.312,0.073,4.611,0.365,Spectrum,ParticleFieldBF152.mixedField,8.50978,4.0366,0.0256695,0.0443148,0.102173,0.0399848,1,0,0,1.99572,0.073,0,0
MKM,rapidMKM_Kase2008,HSG,0.312,0.073,4.611,0.365,Spectrum,ParticleFieldBF153.mixedField,8.6367,4.25598,0.028404,0.0489644,0.112811,0.0499237,1,0,0,2.02299,0.073,0,0
MKM,rapidMKM_Kase2008,HSG,0.312,0.073,4.611,0.365,Spectrum,ParticleFieldBF154.mixedField,8.36596,4.13562,0.0292409,0.0496827,0.113656,0.0409887,1,0,0,2.03958,0.073,0,0
MKM,rapidMKM_Kase2008,HSG,0.312,0.073,4.611,0.365,Spectrum,ParticleFieldBF155.mixedField,8.20224,4.13832,0.0291467,0.0486316,0.110289,0.0421437,1,0,0,2.03177,0.073,0,0
MKM,rapidMKM_Kase2008,HSG,0.312,0.073,4.611,0.365,Spectrum,ParticleFieldBF156.mixedField,8.37503,4.17032,0.0260083,0.0448931,0.103499,0.0881851,1,0,0,1.97293,0.073,0,0
MKM,rapidMKM_Kase2008,HSG,0.312,0.073,4.611,0.365,Spectrum,ParticleFieldBF157.mixedField,8.29384,4.09342,0.0282624,0.0477562,0.108958,0.0401752,1,0,0,2.029,0.073,0,0
MKM,rapidMKM_Kase2008,HSG,0.312,0.073,4.611,0.365,Spectrum,ParticleFieldBF158.mixedField,8.08992,4.04195,0.0279484,0.0483932,0.111742,0.0923564,1,0,0,2.00333,0.073,0,0
MKM,rapidMKM_Kase2008,HSG,0.312,0.073,4.611,0.365,Spectrum,ParticleFieldBF159.mixedField,8.26958,4.05506,0.0282638,0.0494226,0.114685,0.0782616,1,0,0,2.01441,0.073,0,0
MKM,rapidMKM_Kase2008,HSG,0.312,0.073,4.611,0.365,Spectrum,ParticleFieldBF160.mixedField,7.92148,3.93517,0.0272976,0.0461606,0.105356,0.0606245,1,0,0,1.9882,0.073,0,0
MKM,rapidMKM_Kase2008,HSG,0.312,0.073,4.611,0.365,Spectrum,ParticleFieldBF161.mixedField,8.28995,4.20596,0.0288816,0.0505787,0.117457,0.090692,1,0,0,1.99791,0.073,0,0
MKM,rapidMKM_Kase2008,HSG,0.312,0.073,4.611,0.365,Spectrum,ParticleFieldBF162.mixedField,8.08449,3.9913,0.027987,0.0469268,0.106671,0.0399247,1,0,0,2.02062,0.073,0,0
MKM,rapidMKM_Kase2008,HSG,0.312,0.073,4.611,0.365,Spectrum,ParticleFieldBF163.mixedField,8.02899,4.10231,0.0284307,0.0472291,0.106888,0.0607429,1,0,0,2.0134,0.073,0,0
MKM,rapidMKM_Kase2008,HSG,0.312,0.073,4.611,0.365,Spectrum,ParticleFieldBF164.mixedField,7.85689,3.98949,0.0316976,0.0527293,0.119413,0.0418461,1,0,0,2.0479,0.073,0,0
MKM,rapidMKM_Kase2008,HSG,0.312,0.073,4.611,0.365,Spectrum,ParticleFieldBF165.mixedField,8.04284,4.04936,0.0289372,0.0497447,0.114451,0.0769324,1,0,0,2.0095,0.073,0,0
MKM,rapidMKM_Kase2008,HSG,0.312,0.073,4.611,0.365,Spectrum,ParticleFieldBF166.mixedField,8.00323,3.98535,0.0291025,0.0487575,0.11079,0.0406377,1,0,0,2.03211,0.073,0,0
MKM,rapidMKM_Kase2008,HSG,0.312,0.073,4.611,0.365,Spectrum,ParticleFieldBF167.mixedField,7.96092,4.0329,0.0345279,0.0583608,0.133172,0.0446306,1,0,0,2.03933,0.073,0,0
MKM,rapidMKM_Kase2008,HSG,0.312,0.073,4.611,0.365,Spectrum,ParticleFieldBF168.mixedField,7.75832,3.80449,0.0289507,0.0495783,0.113854,0.0583872,1,0,0,2.01319,0.073,0,0
MKM,rapidMKM_Kase2008,HSG,0.312,0.073,4.611,0.365,Spectrum,ParticleFieldBF169.mixedField,7.92243,4.12006,0.0280384,0.046045,0.103654,0.0387645,1,0,0,2.01626,0.073,0,0
MKM,rapidMKM_Kase2008,HSG,0.312,0.073,4.611,0.365,Spectrum,ParticleFieldBF170.mixedField,7.85532,3.85511,0.0260343,0.0434198,0.0984493,0.0390423,1,0,0,1.98119,0.073,0,0
MKM,rapidMKM_Kase2008,HSG,0.312,0.073,4.611,0.365,Spectrum,ParticleFieldBF171.mixedField,8.06315,4.14176,0.0289571,0.0471414,0.105702,0.0382369,1,0,0,2.03242,0.073,0,0
MKM,rapidMKM_Kase2008,HSG,0.312,0.073,4.611,0.365,Spectrum,ParticleFieldBF172.mixedField,7.972,4.01303,0.0285812,0.0472374,0.106653,0.0393628,1,0,0,2.02616,0.073,0,0
MKM,rapidMKM_Kase2008,HSG,0.312,0.073,4.611,0.365,Spectrum,ParticleFieldBF173.mixedField,7.87919,3.89614,0.0290532,0.04894,0.111492,0.042662,1,0,0,2.02473,0.073,0,0
MKM,rapidMKM_Kase2008,HSG,0.312,0.073,4.611,0.365,Spectrum,ParticleFieldBF174.mixedField,7.74873,3.91004,0.030282,0.0519506,0.119406,0.0870814,1,0,0,2.02268,0.073,0,0
MKM,rapidMKM_Kase2008,HSG,0.312,0.073,4.611,0.365,Spectrum,ParticleFieldBF175.mixedField,7.76856,3.95921,0.029284,0.0531572,0.125776,0.139204,1,0,0,1.97631,0.073,0,0
MKM,rapidMKM_Kase2008,HSG,0.312,0.073,4.611,0.365,Spectrum,ParticleFieldBF176.mixedField,7.55907,3.97554,0.0308826,0.0492636,0.109468,0.038888,1,0,0,2.04374,0.073,0,0
MKM,rapidMKM_Kase2008,HSG,0.312,0.073,4.611,0.365,Spectrum,ParticleFieldBF177.mixedField,7.78315,4.02234,0.0290055,0.0468457,0.104664,0.0393057,1,0,0,2.02187,0.073,0,0
MKM,rapidMKM_Kase2008,HSG,0.312,0.073,4.611,0.365,Spectrum,ParticleFieldBF178.mixedField,7.72143,3.95414,0.0277983,0.045106,0.100988,0.0444576,1,0,0,1.99756,0.073,0,0
MKM,rapidMKM_Kase2008,HSG,0.312,0.073,4.611,0.365,Spectrum,ParticleFieldBF179.mixedField,7.91404,4.03576,0.0288045,0.0477295,0.107893,0.054166,1,0,0,2.01735,0.073,0,0
MKM,rapidMKM_Kase2008,HSG,0.312,0.073,4.611,0.365,Spectrum,ParticleFieldBF180.mixedField,7.65968,3.94628,0.029206,0.0478396,0.107568,0.0552752,1,0,0,2.01559,0.073,0,0
MKM,rapidMKM_Kase2008,HSG,0.312,0.073,4.611,0.365,Spectrum,ParticleFieldBF181.mixedField,7.6666,3.99436,0.0290106,0.0494889,0.113433,0.115169,1,0,0,1.99327,0.073,0,0
MKM,rapidMKM_Kase2008,HSG,0.312,0.073,4.611,0.365,Spectrum,ParticleFieldBF182.mixedField,7.42514,3.76452,0.0296471,0.0489694,0.110532,0.0500003,1,0,0,2.01392,0.073,0,0
MKM,rapidMKM_Kase2008,HSG,0.312,0.073,4.611,0.365,Spectrum,ParticleFieldBF183.mixedField,7.26529,3.82226,0.0315525,0.0509934,0.113965,0.0584434,1,0,0,2.03329,0.073,0,0
MKM,rapidMKM_Kase2008,HSG,0.312,0.073,4.611,0.365,Spectrum,ParticleFieldBF184.mixedField,7.36765,3.79166,0.0311623,0.0534675,0.1229,0.101423,1,0,0,2.01139,0.073,0,0
MKM,rapidMKM_Kase2008,HSG,0.312,0.073,4.611,0.365,Spectrum,ParticleFieldBF185.mixedField,7.61441,3.87334,0.0292826,0.0477688,0.107208,0.0396661,1,0,0,2.02574,0.073,0,0
MKM,rapidMKM_Kase2008,HSG,0.312,0.073,4.611,0.365,Spectrum,ParticleFieldBF186.mixedField,7.33832,3.87374,0.0313189,0.0512028,0.11503,0.0768165,1,0,0,2.02809,0.073,0,0
MKM,rapidMKM_Kase2008,HSG,0.312,0.073,4.611,0.365,Spectrum,ParticleFieldBF187.mixedField,7.78451,3.99352,0.0301295,0.0499458,0.112925,0.0567096,1,0,0,2.02945,0.073,0,0
MKM,rapidMKM_Kase2008,HSG,0.312,0.073,4.611,0.365,Spectrum,ParticleFieldBF188.mixedField,7.58571,3.77197,0.0286952,0.0475815,0.107593,0.0407249,1,0,0,2.0169,0.073,0,0
MKM,rapidMKM_Kase2008,HSG,0.312,0.073,4.611,0.365,Spectrum,ParticleFieldBF189.mixedField,7.60374,3.8973,0.0320252,0.052639,0.118547,0.0417288,1,0,0,2.04684,0.073,0,0
MKM,rapidMKM_Kase2008,HSG,0.312,0.073,4.611,0.365,Spectrum,ParticleFieldBF190.mixedField,7.59347,3.85313,0.0284148,0.0463121,0.103897,0.0408519,1,0,0,2.00935,0.073,0,0
MKM,rapidMKM_Kase2008,HSG,0.312,0.073,4.611,0.365,Spectrum,ParticleFieldBF191.mixedField,7.41505,3.82036,0.0290736,0.0466156,0.103815,0.0387446,1,0,0,2.01719,0.073,0,0
MKM,rapidMKM_Kase2008,HSG,0.312,0.073,4.611,0.365,Spectrum,ParticleFieldBF192.mixedField,7.24242,3.71108,0.0308005,0.0499522,0.111813,0.0409752,1,0,0,2.03255,0.073,0,0
MKM,rapidMKM_Kase2008,HSG,0.312,0.073,4.611,0.365,Spectrum,ParticleFieldBF193.mixedField,7.44871,3.90296,0.0317698,0.0517081,0.115929,0.0567041,1,0,0,2.03865,0.073,0,0
MKM,rapidMKM_Kase2008,HSG,0.312,0.073,4.611,0.365,Spectrum,ParticleFieldBF194.mixedField,7.4988,3.93769,0.0307601,0.0490083,0.108842,0.0390443,1,0,0,2.03928,0.073,0,0
MKM,rapidMKM_Kase2008,HSG,0.312,0.073,4.611,0.365,Spectrum,ParticleFieldBF195.mixedField,7.65942,4.03155,0.0280565,0.0454926,0.101821,0.0385043,1,0,0,2.00809,0.073,0,0
MKM,rapidMKM_Kase2008,HSG,0.312,0.073,4.611,0.365,Spectrum,ParticleFieldBF196.mixedField,7.51791,3.78773,0.0309249,0.051381,0.116293,0.0426702,1,0,0,2.0334,0.073,0,0
MKM,rapidMKM_Kase2008,HSG,0.312,0.073,4.611,0.365,Spectrum,ParticleFieldBF197.mixedField,7.63734,3.84878,0.0273977,0.0445402,0.0998064,0.0383543,1,0,0,1.99701,0.073,0,0
MKM,rapidMKM_Kase2008,HSG,0.312,0.073,4.611,0.365,Spectrum,ParticleFieldBF198.mixedField,7.44778,4.01015,0.0330903,0.0566241,0.129985,0.122212,1,0,0,2.0186,0.073,0,0
MKM,rapidMKM_Kase2008,HSG,0.312,0.073,4.611,0.365,Spectrum,ParticleFieldBF199.mixedField,7.65087,3.94519,0.0286946,0.0461042,0.102771,0.0381015,1,0,0,2.01766,0.073,0,0
MKM,rapidMKM_Kase2008,HSG,0.312,0.073,4.611,0.365,Spectrum,ParticleFieldBF200.mixedField,7.42905,3.89902,0.0290502,0.0462856,0.102797,0.0467745,1,0,0,2.00647,0.073,0,0
MKM,rapidMKM_Kase2008,HSG,0.312,0.073,4.611,0.365,Spectrum,ParticleFieldBF201.mixedField,7.75357,4.13727,0.0308226,0.0487414,0.1079,0.0377286,1,0,0,2.04791,0.073,0,0
MKM,rapidMKM_Kase2008,HSG,0.312,0.073,4.611,0.365,Spectrum,ParticleFieldBF202.mixedField,7.74402,3.98015,0.0307708,0.0502824,0.112937,0.0402242,1,0,0,2.04447,0.073,0,0
MKM,rapidMKM_Kase2008,HSG,0.312,0.073,4.611,0.365,Spectrum,ParticleFieldBF203.mixedField,7.32651,3.89474,0.0300143,0.0492794,0.110924,0.0945064,1,0,0,2.0057,0.073,0,0
MKM,rapidMKM_Kase2008,HSG,0.312,0.073,4.611,0.365,Spectrum,ParticleFieldBF204.mixedField,7.36524,3.82706,0.0307394,0.050804,0.114705,0.0750603,1,0,0,2.02187,0.073,0,0
MKM,rapidMKM_Kase2008,HSG,0.312,0.073,4.611,0.365,Spectrum,ParticleFieldBF205.mixedField,7.19351,3.80435,0.030406,0.0477619,0.105431,0.0384217,1,0,0,2.02897,0.073,0,0
MKM,rapidMKM_Kase2008,HSG,0.312,0.073,4.611,0.365,Spectrum,ParticleFieldBF206.mixedField,7.69169,3.9834,0.0300231,0.0484761,0.108294,0.0390423,1,0,0,2.03705,0.073,0,0
MKM,rapidMKM_Kase2008,HSG,0.312,0.073,4.611,0.365,Spectrum,ParticleFieldBF207.mixedField,7.68092,3.92904,0.0284144,0.0459356,0.102675,0.0383453,1,0,0,2.01473,0.073,0,0
MKM,rapidMKM_Kase2008,HSG,0.312,0.073,4.611,0.365,Spectrum,ParticleFieldBF208.mixedField,7.56836,3.954,0.0311922,0.0501485,0.111817,0.0396244,1,0,0,2.04614,0.073,0,0
MKM,rapidMKM_Kase2008,HSG,0.312,0.073,4.611,0.365,Spectrum,ParticleFieldBF209.mixedField,7.59184,3.92603,0.0288652,0.0462465,0.102959,0.0381262,1,0,0,2.01848,0.073,0,0
MKM,rapidMKM_Kase2008,HSG,0.312,0.073,4.611,0.365,Spectrum,ParticleFieldBF210.mixedField,7.29064,3.67464,0.0270021,0.0434018,0.096764,0.0381762,1,0,0,1.97784,0.073,0,0
MKM,rapidMKM_Kase2008,HSG,0.312,0.073,4.611,0.365,Spectrum,ParticleFieldBF211.mixedField,7.39766,4.15671,0.0363873,0.0557902,0.121927,0.0388325,1,0,0,2.08218,0.073,0,0
MKM,rapidMKM_Kase2008,HSG,0.312,0.073,4.611,0.365,Spectrum,ParticleFieldBF212.mixedField,7.34712,3.80917,0.0286296,0.0454416,0.100756,0.0379305,1,0,0,2.0071,0.073,0,0
MKM,rapidMKM_Kase2008,HSG,0.312,0.073,4.611,0.365,Spectrum,ParticleFieldBF213.mixedField,7.18389,3.77746,0.0299899,0.0472296,0.10437,0.0384344,1,0,0,2.02321,0.073,0,0
MKM,rapidMKM_Kase2008,HSG,0.312,0.073,4.611,0.365,Spectrum,ParticleFieldBF214.mixedField,7.34239,3.82513,0.0306272,0.048987,0.10898,0.0395319,1,0,0,2.03521,0.073,0,0
MKM,rapidMKM_Kase2008,HSG,0.312,0.073,4.611,0.365,Spectrum,ParticleFieldBF215.mixedField,7.35492,3.9171,0.0311801,0.049043,0.10832,0.0384892,1,0,0,2.04245,0.073,0,0
MKM,rapidMKM_Kase2008,HSG,0.312,0.073,4.611,0.365,Spectrum,ParticleFieldBF216.mixedField,7.44576,3.77176,0.0307254,0.0505456,0.113877,0.0415476,1,0,0,2.03445,0.073,0,0
MKM,rapidMKM_Kase2008,HSG,0.312,0.073,4.611,0.365,Spectrum,ParticleFieldBF217.mixedField,7.40717,4.02063,0.0315884,0.048992,0.107572,0.0374989,1,0,0,2.0485,0.073,0,0
MKM,rapidMKM_Kase2008,HSG,0.312,0.073,4.611,0.365,Spectrum,ParticleFieldBF218.mixedField,7.50062,3.81887,0.0280678,0.0452765,0.101104,0.0384679,1,0,0,2.00404,0.073,0,0
MKM,rapidMKM_Kase2008,HSG,0.312,0.073,4.611,0.365,Spectrum,ParticleFieldBF219.mixedField,7.33871,3.89015,0.0305026,0.0485249,0.107698,0.0488993,1,0,0,2.025,0.073,0,0
MKM,rapidMKM_Kase2008,HSG,0.312,0.073,4.611,0.365,Spectrum,ParticleFieldBF220.mixedField,7.7797,3.8522,0.0270526,0.0447243,0.100992,0.0390834,1,0,0,1.99733,0.073,0,0
MKM,rapidMKM_Kase2008,HSG,0.312,0.073,4.611,0.365,Spectrum,ParticleFieldBF221.mixedField,8.04255,4.07324,0.030025,0.0498205,0.112692,0.0402845,1,0,0,2.04306,0.073,0,0
MKM,rapidMKM_Kase2008,HSG,0.312,0.073,4.611,0.365,Spectrum,ParticleFieldBF222.mixedField,7.82951,4.03125,0.0290506,0.0470287,0.105183,0.0383845,1,0,0,2.02826,0.073,0,0
MKM,rapidMKM_Kase2008,HSG,0.312,0.073,4.611,0.365,Spectrum,ParticleFieldBF223.mixedField,7.49949,3.89226,0.0306501,0.0493605,0.110143,0.0396662,1,0,0,2.03896,0.073,0,0
MKM,rapidMKM_Kase2008,HSG,0.312,0.073,4.611,0.365,Spectrum,ParticleFieldBF224.mixedField,7.33254,3.9258,0.0276653,0.0424638,0.0928434,0.0364584,1,0,0,1.97265,0.073,0,0
MKM,rapidMKM_Kase2008,HSG,0.312,0.073,4.611,0.365,Spectrum,ParticleFieldBF225.mixedField,7.51661,3.9003,0.0314727,0.050931,0.113892,0.0404192,1,0,0,2.04585,0.073,0,0
MKM,rapidMKM_Kase2008,HSG,0.312,0.073,4.611,0.365,Spectrum,ParticleFieldBF226.mixedField,7.54551,3.93212,0.0295455,0.0471563,0.10481,0.0383003,1,0,0,2.02701,0.073,0,0
MKM,rapidMKM_Kase2008,HSG,0.312,0.073,4.611,0.365,Spectrum,ParticleFieldBF227.mixedField,7.54044,3.76415,0.0289367,0.0480382,0.108686,0.0437711,1,0,0,2.01366,0.073,0,0
MKM,rapidMKM_Kase2008,HSG,0.312,0.073,4.611,0.365,Spectrum,ParticleFieldBF228.mixedField,7.29588,3.73961,0.0280996,0.0448501,0.0996854,0.0382069,1,0,0,1.99754,0.073,0,0
MKM,rapidMKM_Kase2008,HSG,0.312,0.073,4.611,0.365,Spectrum,ParticleFieldBF229.mixedField,7.65018,4.08439,0.030714,0.048381,0.106924,0.0376139,1,0,0,2.0444,0.073,0,0
MKM,rapidMKM_Kase2008,HSG,0.312,0.073,4.611,0.365,Spectrum,ParticleFieldBF230.mixedField,7.52353,4.00358,0.0299458,0.0469843,0.103663,0.0372763,1,0,0,2.03063,0.073,0,0
MKM,rapidMKM_Kase2008,HSG,0.312,0.073,4.611,0.365,Spectrum,ParticleFieldBF231.mixedField,7.65957,4.00402,0.0282999,0.0448037,0.099232,0.0367876,1,0,0,2.00846,0.073,0,0
MKM,rapidMKM_Kase2008,HSG,0.312,0.073,4.611,0.365,Spectrum,ParticleFieldBF232.mixedField,7.46,3.96021,0.0287682,0.0448474,0.0986819,0.0364011,1,0,0,2.00841,0.073,0,0
MKM,rapidMKM_Kase2008,HSG,0.312,0.073,4.611,0.365,Spectrum,ParticleFieldBF233.mixedField,7.40553,3.94971,0.0295753,0.046087,0.101392,0.0368958,1,0,0,2.02101,0.073,0,0
MKM,rapidMKM_Kase2008,HSG,0.312,0.073,4.611,0.365,Spectrum,ParticleFieldBF234.mixedField,7.50351,3.84852,0.0293506,0.047427,0.105987,0.0392539,1,0,0,2.02375,0.073,0,0
MKM,rapidMKM_Kase2008,HSG,0.312,0.073,4.611,0.365,Spectrum,ParticleFieldBF235.mixedField,7.36543,3.68994,0.0264572,0.0471118,0.110348,0.138189,1,0,0,1.93244,0.073,0,0
MKM,rapidMKM_Kase2008,HSG,0.312,0.073,4.611,0.365,Spectrum,ParticleFieldBF236.mixedField,7.20566,3.86858,0.0330998,0.0520151,0.11484,0.0397293,1,0,0,2.05571,0.073,0,0
MKM,rapidMKM_Kase2008,HSG,0.312,0.073,4.611,0.365,Spectrum,ParticleFieldBF237.mixedField,7.3773,3.72674,0.0289622,0.0471327,0.105665,0.0399587,1,0,0,2.015,0.073,0,0
MKM,rapidMKM_Kase2008,HSG,0.312,0.073,4.611,0.365,Spectrum,ParticleFieldBF238.mixedField,7.28702,3.92203,0.0325668,0.0510182,0.11249,0.0390234,1,0,0,2.05445,0.073,0,0
MKM,rapidMKM_Kase2008,HSG,0.312,0.073,4.611,0.365,Spectrum,ParticleFieldBF239.mixedField,7.35774,3.84903,0.0291185,0.0459999,0.101787,0.0377972,1,0,0,2.01471,0.073,0,0
MKM,rapidMKM_Kase2008,HSG,0.312,0.073,4.611,0.365,Spectrum,ParticleFieldBF240.mixedField,7.60736,4.06281,0.0294669,0.0460363,0.10139,0.0365226,1,0,0,2.02459,0.073,0,0
MKM,rapidMKM_Kase2008,HSG,0.312,0.073,4.611,0.365,Spectrum,ParticleFieldBF241.mixedField,7.30823,3.76838,0.0295179,0.0473129,0.105353,0.039221,1,0,0,2.02073,0.073,0,0
MKM,rapidMKM_Kase2008,HSG,0.312,0.073,4.611,0.365,Spectrum,ParticleFieldBF242.mixedField,7.38616,3.7508,0.0314393,0.0517347,0.116571,0.0421094,1,0,0,2.03744,0.073,0,0
MKM,rapidMKM_Kase2008,HSG,0.312,0.073,4.611,0.365,Spectrum,ParticleFieldBF243.mixedField,7.57574,3.95358,0.02964,0.0477589,0.106594,0.0466242,1,0,0,2.02026,0.073,0,0
MKM,rapidMKM_Kase2008,HSG,0.312,0.073,4.611,0.365,Spectrum,ParticleFieldBF244.mixedField,7.68854,3.96462,0.0295253,0.0477195,0.106651,0.0388743,1,0,0,2.03088,0.073,0,0
MKM,rapidMKM_Kase2008,HSG,0.312,0.073,4.611,0.365,Spectrum,ParticleFieldBF245.mixedField,7.28918,3.91032,0.030887,0.0481206,0.105857,0.0378003,1,0,0,2.03721,0.073,0,0
MKM,rapidMKM_Kase2008,HSG,0.312,0.073,4.611,0.365,Spectrum,ParticleFieldBF246.mixedField,7.8714,4.13671,0.0321784,0.0533377,0.120589,0.0695417,1,0,0,2.04542,0.073,0,0
MKM,rapidMKM_Kase2008,HSG,0.312,0.073,4.611,0.365,Spectrum,ParticleFieldBF247.mixedField,7.4294,4.02774,0.0294562,0.0452172,0.0988676,0.0357055,1,0,0,2.01614,0.073,0,0
MKM,rapidMKM_Kase2008,HSG,0.312,0.073,4.611,0.365,Spectrum,ParticleFieldBF248.mixedField,7.50513,3.94544,0.030535,0.0485829,0.107833,0.0386583,1,0,0,2.03861,0.073,0,0
MKM,rapidMKM_Kase2008,HSG,0.312,0.073,4.611,0.365,Spectrum,ParticleFieldBF249.mixedField,7.22774,3.81626,0.0309825,0.0489334,0.108267,0.0390312,1,0,0,2.03689,0.073,0,0
MKM,rapidMKM_Kase2008,HSG,0.312,0.073,4.611,0.365,Spectrum,ParticleFieldBF250.mixedField,7.49415,3.86618,0.0292552,0.0469864,0.104719,0.0387624,1,0,0,2.02198,0.073,0,0
MKM,rapidMKM_Kase2008,HSG,0.312,0.073,4.611,0.365,Spectrum,ParticleFieldBF251.mixedField,7.59636,3.8046,0.0288149,0.0475162,0.10717,0.0403188,1,0,0,2.01899,0.073,0,0
MKM,rapidMKM_Kase2008,HSG,0.312,0.073,4.611,0.365,Spectrum,ParticleFieldBF252.mixedField,7.2013,3.87646,0.0298987,0.0460845,0.100931,0.036765,1,0,0,2.01935,0.073,0,0
MKM,rapidMKM_Kase2008,HSG,0.312,0.073,4.611,0.365,Spectrum,ParticleFieldBF253.mixedField,7.5836,3.96495,0.0314302,0.0505731,0.112806,0.039768,1,0,0,2.04844,0.073,0,0
MKM,rapidMKM_Kase2008,HSG,0.312,0.073,4.611,0.365,Spectrum,ParticleFieldBF254.mixedField,7.03347,3.84989,0.0313936,0.0478976,0.104471,0.0371389,1,0,0,2.03619,0.073,0,0
MKM,rapidMKM_Kase2008,HSG,0.312,0.073,4.611,0.365,Spectrum,ParticleFieldBF255.mixedField,6.97367,3.71871,0.0309205,0.0481173,0.105799,0.0385307,1,0,0,2.02973,0.073,0,0
MKM,rapidMKM_Kase2008,HSG,0.312,0.073,4.611,0.365,Spectrum,ParticleFieldBF256.mixedField,7.26422,3.91518,0.0335567,0.0527156,0.11637,0.0397695,1,0,0,2.06006,0.073,0,0
MKM,rapidMKM_Kase2008,HSG,0.312,0.073,4.611,0.365,Spectrum,ParticleFieldBF257.mixedField,7.64944,3.87617,0.0297487,0.0488694,0.110028,0.0403691,1,0,0,2.03152,0.073,0,0
MKM,rapidMKM_Kase2008,HSG,0.312,0.073,4.611,0.365,Spectrum,ParticleFieldBF258.mixedField,7.52312,3.97771,0.0324411,0.0518604,0.115345,0.0399164,1,0,0,2.05559,0.073,0,0
MKM,rapidMKM_Kase2008,HSG,0.312,0.073,4.611,0.365,Spectrum,ParticleFieldBF259.mixedField,7.58852,3.96447,0.0293171,0.0466655,0.103597,0.0378722,1,0,0,2.02456,0.073,0,0
MKM,rapidMKM_Kase2008,HSG,0.312,0.073,4.611,0.365,Spectrum,ParticleFieldBF260.mixedField,7.84629,4.04472,0.0292277,0.0473315,0.105877,0.0384559,1,0,0,2.03115,0.073,0,0
MKM,rapidMKM_Kase2008,HSG,0.312,0.073,4.611,0.365,Spectrum,ParticleFieldBF261.mixedField,7.43425,4.08645,0.0321115,0.049393,0.108086,0.0370633,1,0,0,2.055,0.073,0,0
MKM,rapidMKM_Kase2008,HSG,0.312,0.073,4.611,0.365,Spectrum,ParticleFieldBF262.mixedField,7.87325,4.09125,0.030857,0.0500787,0.112131,0.0393796,1,0,0,2.04982,0.073,0,0
MKM,rapidMKM_Kase2008,HSG,0.312,0.073,4.611,0.365,Spectrum,ParticleFieldBF263.mixedField,7.58719,4.00369,0.0308388,0.0490627,0.108895,0.0385884,1,0,0,2.04415,0.073,0,0
MKM,rapidMKM_Kase2008,HSG,0.312,0.073,4.611,0.365,Spectrum,ParticleFieldBF264.mixedField,7.32384,3.8156,0.0301436,0.048061,0.106772,0.0390921,1,0,0,2.02922,0.073,0,0
MKM,rapidMKM_Kase2008,HSG,0.312,0.073,4.611,0.365,Spectrum,ParticleFieldBF265.mixedField,7.50093,4.01108,0.0302789,0.0473642,0.104369,0.0372719,1,0,0,2.03453,0.073,0,0
MKM,rapidMKM_Kase2008,HSG,0.312,0.073,4.611,0.365,Spectrum,ParticleFieldBF266.mixedField,7.36775,3.89475,0.0288274,0.0450352,0.0991832,0.0368122,1,0,0,2.0078,0.073,0,0
MKM,rapidMKM_Kase2008,HSG,0.312,0.073,4.611,0.365,Spectrum,ParticleFieldBF267.mixedField,7.42615,3.89198,0.0289679,0.0457114,0.101101,0.0374684,1,0,0,2.01375,0.073,0,0
MKM,rapidMKM_Kase2008,HSG,0.312,0.073,4.611,0.365,Spectrum,ParticleFieldBF268.mixedField,7.52662,3.90763,0.0275823,0.0435908,0.0964728,0.0366393,1,0,0,1.99079,0.073,0,0
MKM,rapidMKM_Kase2008,HSG,0.312,0.073,4.611,0.365,Spectrum,ParticleFieldBF269.mixedField,7.35543,3.95156,0.0342643,0.0542406,0.120127,0.0404695,1,0,0,2.06299,0.073,0,0
MKM,rapidMKM_Kase2008,HSG,0.312,0.073,4.611,0.365,Spectrum,ParticleFieldBF270.mixedField,7.74844,4.07424,0.0314152,0.0504552,0.11245,0.0391743,1,0,0,2.05298,0.073,0,0
MKM,rapidMKM_Kase2008,HSG,0.312,0.073,4.611,0.365,Spectrum,ParticleFieldBF271.mixedField,7.46177,3.76279,0.0271249,0.0437994,0.0978491,0.0381517,1,0,0,1.98582,0.073,0,0
MKM,rapidMKM_Kase2008,HSG,0.312,0.073,4.611,0.365,Spectrum,ParticleFieldBF272.mixedField,7.68036,4.06223,0.0313039,0.049913,0.110888,0.0387401,1,0,0,2.05113,0.073,0,0
MKM,rapidMKM_Kase2008,HSG,0.312,0.073,4.611,0.365,Spectrum,ParticleFieldBF273.mixedField,7.52423,3.82121,0.0280856,0.0454397,0.101603,0.0386415,1,0,0,2.00538,0.073,0,0
MKM,rapidMKM_Kase2008,HSG,0.312,0.073,4.611,0.365,Spectrum,ParticleFieldBF274.mixedField,7.64366,4.05757,0.0311767,0.0494437,0.10959,0.0383854,1,0,0,2.04918,0.073,0,0
MKM,rapidMKM_Kase2008,HSG,0.312,0.073,4.611,0.365,Spectrum,ParticleFieldBF275.mixedField,7.43178,3.92558,0.0314431,0.0499741,0.11087,0.0392145,1,0,0,2.04638,0.073,0,0
MKM,rapidMKM_Kase2008,HSG,0.312,0.073,4.611,0.365,Spectrum,ParticleFieldBF276.mixedField,7.64609,4.04459,0.0319545,0.0510704,0.113576,0.0393313,1,0,0,2.05547,0.073,0,0
MKM,rapidMKM_Kase2008,HSG,0.312,0.073,4.611,0.365,Spectrum,ParticleFieldBF277.mixedField,7.59562,3.77658,0.029391,0.0489592,0.110947,0.0414473,1,0,0,2.0244,0.073,0,0
MKM,rapidMKM_Kase2008,HSG,0.312,0.073,4.611,0.365,Spectrum,ParticleFieldBF278.mixedField,7.69214,3.93628,0.0284007,0.0494704,0.114572,0.114554,1,0,0,1.97572,0.073,0,0
MKM,rapidMKM_Kase2008,HSG,0.312,0.073,4.611,0.365,Spectrum,ParticleFieldBF279.mixedField,7.41123,3.74482,0.0274487,0.0442954,0.0989306,0.0384041,1,0,0,1.99066,0.073,0,0
MKM,rapidMKM_Kase2008,HSG,0.312,0.073,4.611,0.365,Spectrum,ParticleFieldBF280.mixedField,7.50796,3.93875,0.0296791,0.0470826,0.10437,0.0380059,1,0,0,2.02749,0.073,0,0
MKM,rapidMKM_Kase2008,HSG,0.312,0.073,4.611,0.365,Spectrum,ParticleFieldBF281.mixedField,7.57157,3.85533,0.0274236,0.0441055,0.0983588,0.0377297,1,0,0,1.99351,0.073,0,0
MKM,rapidMKM_Kase2008,HSG,0.312,0.073,4.611,0.365,Spectrum,ParticleFieldBF282.mixedField,7.62618,3.88573,0.0262579,0.0418852,0.093071,0.0363936,1,0,0,1.96717,0.073,0,0
MKM,rapidMKM_Kase2008,HSG,0.312,0.073,4.611,0.365,Spectrum,ParticleFieldBF283.mixedField,7.86102,4.09803,0.0294767,0.0473347,0.105488,0.0379059,1,0,0,2.03449,0.073,0,0
MKM,rapidMKM_Kase2008,HSG,0.312,0.073,4.611,0.365,Spectrum,ParticleFieldBF284.mixedField,7.65169,4.04806,0.0300434,0.0475453,0.105286,0.0376331,1,0,0,2.03599,0.073,0,0
MKM,rapidMKM_Kase2008,HSG,0.312,0.073,4.611,0.365,Spectrum,ParticleFieldBF285.mixedField,7.38906,3.85883,0.0282958,0.0445588,0.0984648,0.0370776,1,0,0,2.00047,0.073,0,0
MKM,rapidMKM_Kase2008,HSG,0.312,0.073,4.611,0.365,Spectrum,ParticleFieldBF286.mixedField,7.21445,3.7369,0.0293538,0.0467121,0.103689,0.0388258,1,0,0,2.01561,0.073,0,0
MKM,rapidMKM_Kase2008,HSG,0.312,0.073,4.611,0.365,Spectrum,ParticleFieldBF287.mixedField,7.53182,3.99399,0.0308923,0.0488875,0.108257,0.0383548,1,0,0,2.04352,0.073,0,0
MKM,rapidMKM_Kase2008,HSG,0.312,0.073,4.611,0.365,Spectrum,ParticleFieldBF288.mixedField,7.88191,3.92606,0.0294277,0.0492532,0.111863,0.0410689,1,0,0,2.032,0.073,0,0
MKM,rapidMKM_Kase2008,HSG,0.312,0.073,4.611,0.365,Spectrum,ParticleFieldBF289.mixedField,7.26869,3.84405,0.0301813,0.0474245,0.104701,0.0381469,1,0,0,2.02782,0.073,0,0
MKM,rapidMKM_Kase2008,HSG,0.312,0.073,4.611,0.365,Spectrum,ParticleFieldBF290.mixedField,7.35323,3.81446,0.0287953,0.0457379,0.101445,0.038053,1,0,0,2.01015,0.073,0,0
MKM,rapidMKM_Kase2008,HSG,0.312,0.073,4.611,0.365,Spectrum,ParticleFieldBF291.mixedField,7.51261,4.02116,0.0310042,0.0486599,0.107374,0.0378354,1,0,0,2.0444,0.073,0,0
MKM,rapidMKM_Kase2008,HSG,0.312,0.073,4.611,0.365,Spectrum,ParticleFieldBF292.mixedField,7.50516,3.96753,0.0307183,0.0486764,0.107851,0.0384394,1,0,0,2.04082,0.073,0,0
MKM,rapidMKM_Kase2008,HSG,0.312,0.073,4.611,0.365,Spectrum,ParticleFieldBF293.mixedField,7.42138,3.73602,0.0264353,0.0424823,0.0947056,0.0375376,1,0,0,1.96889,0.073,0,0
MKM,rapidMKM_Kase2008,HSG,0.312,0.073,4.611,0.365,Spectrum,ParticleFieldBF294.mixedField,7.5786,4.10604,0.0302174,0.046771,0.10261,0.036277,1,0,0,2.0341,0.073,0,0
MKM,rapidMKM_Kase2008,HSG,0.312,0.073,4.611,0.365,Spectrum,ParticleFieldBF295.mixedField,7.69484,4.05332,0.0280551,0.0440751,0.0972979,0.0360219,1,0,0,2.00257,0.073,0,0
MKM,rapidMKM_Kase2008,HSG,0.312,0.073,4.611,0.365,Spectrum,ParticleFieldBF296.mixedField,7.51436,3.95751,0.0277954,0.0434139,0.095604,0.0359322,1,0,0,1.9911,0.073,0,0
MKM,rapidMKM_Kase2008,HSG,0.312,0.073,4.611,0.365,Spectrum,ParticleFieldBF297.mixedField,7.27234,3.8063,0.0304326,0.048403,0.107418,0.039744,1,0,0,2.02906,0.073,0,0
MKM,rapidMKM_Kase2008,HSG,0.312,0.073,4.611,0.365,Spectrum,ParticleFieldBF298.mixedField,7.71634,3.91918,0.0282817,0.0460143,0.103147,0.0386711,1,0,0,2.01425,0.073,0,0
MKM,rapidMKM_Kase2008,HSG,0.312,0.073,4.611,0.365,Spectrum,ParticleFieldBF299.mixedField,7.58475,4.08458,0.0297351,0.0461562,0.101381,0.0362412,1,0,0,2.02717,0.073,0,0
MKM,rapidMKM_Kase2008,HSG,0.312,0.073,4.611,0.365,Spectrum,ParticleFieldBF300.mixedField,7.68391,3.86353,0.0276316,0.0451365,0.101363,0.0387214,1,0,0,2.00319,0.073,0,0
MKM,rapidMKM_Kase2008,HSG,0.312,0.073,4.611,0.365,Spectrum,ParticleFieldBF301.mixedField,7.32494,3.9374,0.0304774,0.0473243,0.103961,0.0372691,1,0,0,2.03228,0.073,0,0
MKM,rapidMKM_Kase2008,HSG,0.312,0.073,4.611,0.365,Spectrum,ParticleFieldBF302.mixedField,7.43503,3.93605,0.0295716,0.0464228,0.102448,0.03736,1,0,0,2.02287,0.073,0,0
MKM,rapidMKM_Kase2008,HSG,0.312,0.073,4.611,0.365,Spectrum,ParticleFieldBF303.mixedField,7.72739,4.14904,0.0313101,0.0492974,0.108928,0.0376624,1,0,0,2.05322,0.073,0,0
MKM,rapidMKM_Kase2008,HSG,0.312,0.073,4.611,0.365,Spectrum,ParticleFieldBF304.mixedField,7.71871,4.07185,0.0295196,0.046765,0.103605,0.0372818,1,0,0,2.03032,0.073,0,0
MKM,rapidMKM_Kase2008,HSG,0.312,0.073,4.611,0.365,Spectrum,ParticleFieldBF305.mixedField,7.52148,3.82248,0.0301286,0.0493344,0.110912,0.0406548,1,0,0,2.03228,0.073,0,0
MKM,rapidMKM_Kase2008,HSG,0.312,0.073,4.611,0.365,Spectrum,ParticleFieldBF306.mixedField,7.79515,4.0438,0.0300299,0.0485216,0.10843,0.0388255,1,0,0,2.03982,0.073,0,0
MKM,rapidMKM_Kase2008,HSG,0.312,0.073,4.611,0.365,Spectrum,ParticleFieldBF307.mixedField,7.74641,4.00932,0.0306502,0.0497405,0.111371,0.0396095,1,0,0,2.0446,0.073,0,0
MKM,rapidMKM_Kase2008,HSG,0.312,0.073,4.611,0.365,Spectrum,ParticleFieldBF308.mixedField,7.73163,3.894,0.0274528,0.0447701,0.100464,0.0383758,1,0,0,2.00104,0.073,0,0
MKM,rapidMKM_Kase2008,HSG,0.312,0.073,4.611,0.365,Spectrum,ParticleFieldBF309.mixedField,7.88043,4.05035,0.0297542,0.048495,0.108794,0.039129,1,0,0,2.03852,0.073,0,0
MKM,rapidMKM_Kase2008,HSG,0.312,0.073,4.611,0.365,Spectrum,ParticleFieldBF310.mixedField,7.87015,3.99472,0.0290114,0.0476082,0.107137,0.0393054,1,0,0,2.02907,0.073,0,0
MKM,rapidMKM_Kase2008,HSG,0.312,0.073,4.611,0.365,Spectrum,ParticleFieldBF311.mixedField,7.65019,4.05399,0.0311141,0.049447,0.109696,0.0384747,1,0,0,2.04875,0.073,0,0
MKM,rapidMKM_Kase2008,HSG,0.312,0.073,4.611,0.365,Spectrum,ParticleFieldBF312.mixedField,7.83746,4.08188,0.029542,0.0474751,0.105836,0.038054,1,0,0,2.03484,0.073,0,0
MKM,rapidMKM_Kase2008,HSG,0.312,0.073,4.611,0.365,Spectrum,ParticleFieldBF313.mixedField,7.7774,4.12984,0.0283444,0.0443751,0.0978165,0.035705,1,0,0,2.00916,0.073,0,0
MKM,rapidMKM_Kase2008,HSG,0.312,0.073,4.611,0.365,Spectrum,ParticleFieldBF314.mixedField,7.72901,4.07742,0.0305008,0.0485943,0.107922,0.0381592,1,0,0,2.04393,0.073,0,0
MKM,rapidMKM_Kase2008,HSG,0.312,0.073,4.611,0.365,Spectrum,ParticleFieldBF315.mixedField,7.87458,4.06654,0.0324117,0.0532919,0.120035,0.0412028,1,0,0,2.05575,0.073,0,0
MKM,rapidMKM_Kase2008,HSG,0.312,0.073,4.611,0.365,Spectrum,ParticleFieldBF316.mixedField,8.14088,4.07811,0.0285353,0.0475092,0.107635,0.0395215,1,0,0,2.02939,0.073,0,0
MKM,rapidMKM_Kase2008,HSG,0.312,0.073,4.611,0.365,Spectrum,ParticleFieldBF317.mixedField,7.94715,4.07768,0.0274488,0.0442298,0.0987189,0.0369307,1,0,0,2.0038,0.073,0,0
MKM,rapidMKM_Kase2008,HSG,0.312,0.073,4.611,0.365,Spectrum,ParticleFieldBF318.mixedField,7.42027,3.90293,0.0314739,0.0502115,0.111578,0.0395513,1,0,0,2.04589,0.073,0,0
MKM,rapidMKM_Kase2008,HSG,0.312,0.073,4.611,0.365,Spectrum,ParticleFieldBF319.mixedField,7.99146,4.14121,0.0297513,0.0482266,0.107926,0.0384581,1,0,0,2.04114,0.073,0,0
MKM,rapidMKM_Kase2008,HSG,0.312,0.073,4.611,0.365,Spectrum,ParticleFieldBF320.mixedField,7.90118,4.05442,0.0312364,0.0514026,0.115825,0.0405955,1,0,0,2.05051,0.073,0,0
MKM,rapidMKM_Kase2008,HSG,0.312,0.073,4.611,0.365,Spectrum,ParticleFieldBF321.mixedField,7.96159,4.11773,0.0284294,0.045783,0.102159,0.0373615,1,0,0,2.02134,0.073,0,0
MKM,rapidMKM_Kase2008,HSG,0.312,0.073,4.611,0.365,Spectrum,ParticleFieldBF322.mixedField,8.19803,4.17416,0.0267904,0.043492,0.097396,0.036581,1,0,0,1.99815,0.073,0,0
MKM,rapidMKM_Kase2008,HSG,0.312,0.073,4.611,0.365,Spectrum,ParticleFieldBF323.mixedField,7.81846,4.12908,0.0306501,0.0489129,0.108708,0.0381253,1,0,0,2.04785,0.073,0,0
MKM,rapidMKM_Kase2008,HSG,0.312,0.073,4.611,0.365,Spectrum,ParticleFieldBF324.mixedField,8.20219,4.23498,0.0282877,0.0457936,0.102421,0.0371423,1,0,0,2.02505,0.073,0,0
MKM,rapidMKM_Kase2008,HSG,0.312,0.073,4.611,0.365,Spectrum,ParticleFieldBF325.mixedField,8.30921,4.23466,0.0280024,0.0458884,0.103201,0.0376537,1,0,0,2.02467,0.073,0,0
MKM,rapidMKM_Kase2008,HSG,0.312,0.073,4.611,0.365,Spectrum,ParticleFieldBF326.mixedField,8.42418,4.08089,0.0245286,0.0411368,0.0935189,0.0372184,1,0,0,1.96313,0.073,0,0
MKM,rapidMKM_Kase2008,HSG,0.312,0.073,4.611,0.365,Spectrum,ParticleFieldBF327.mixedField,8.3285,4.25405,0.0283839,0.0465436,0.104706,0.0378577,1,0,0,2.03099,0.073,0,0
MKM,rapidMKM_Kase2008,HSG,0.312,0.073,4.611,0.365,Spectrum,ParticleFieldBF328.mixedField,8.56252,4.30598,0.0274316,0.0455608,0.103103,0.0377767,1,0,0,2.02301,0.073,0,0
MKM,rapidMKM_Kase2008,HSG,0.312,0.073,4.611,0.365,Spectrum,ParticleFieldBF329.mixedField,8.19007,4.04713,0.0289751,0.0490182,0.111901,0.0409082,1,0,0,2.03386,0.073,0,0
MKM,rapidMKM_Kase2008,HSG,0.312,0.073,4.611,0.365,Spectrum,ParticleFieldBF330.mixedField,7.56037,3.90674,0.0271828,0.0430522,0.0953691,0.0365111,1,0,0,1.98389,0.073,0,0
MKM,rapidMKM_Kase2008,HSG,0.312,0.073,4.611,0.365,Spectrum,ParticleFieldBF331.mixedField,8.47321,4.16281,0.0254237,0.0424504,0.096304,0.0372829,1,0,0,1.98372,0.073,0,0
MKM,rapidMKM_Kase2008,HSG,0.312,0.073,4.611,0.365,Spectrum,ParticleFieldBF332.mixedField,7.76625,4.14284,0.03022,0.0476303,0.105291,0.0371184,1,0,0,2.04095,0.073,0,0
MKM,rapidMKM_Kase2008,HSG,0.312,0.073,4.611,0.365,Spectrum,ParticleFieldBF333.mixedField,7.78486,3.9781,0.0302202,0.0495393,0.111429,0.0400815,1,0,0,2.04018,0.073,0,0
MKM,rapidMKM_Kase2008,HSG,0.312,0.073,4.611,0.365,Spectrum,ParticleFieldBF334.mixedField,8.13001,4.0278,0.0273735,0.0456893,0.103634,0.0391043,1,0,0,2.01286,0.073,0,0
MKM,rapidMKM_Kase2008,HSG,0.312,0.073,4.611,0.365,Spectrum,ParticleFieldBF335.mixedField,8.44151,4.30323,0.0268785,0.0438261,0.0983382,0.0364051,1,0,0,2.00639,0.073,0,0
MKM,rapidMKM_Kase2008,HSG,0.312,0.073,4.611,0.365,Spectrum,ParticleFieldBF336.mixedField,8.15383,4.04959,0.0324025,0.0554634,0.127339,0.0438707,1,0,0,2.0415,0.073,0,0
MKM,rapidMKM_Kase2008,HSG,0.312,0.073,4.611,0.365,Spectrum,ParticleFieldBF337.mixedField,8.81657,4.12899,0.0260973,0.0460753,0.107444,0.0411898,1,0,0,2.01182,0.073,0,0
MKM,rapidMKM_Kase2008,HSG,0.312,0.073,4.611,0.365,Spectrum,ParticleFieldBF338.mixedField,8.33661,4.0351,0.0270134,0.0461328,0.105798,0.0402085,1,0,0,2.01348,0.073,0,0
MKM,rapidMKM_Kase2008,HSG,0.312,0.073,4.611,0.365,Spectrum,ParticleFieldBF339.mixedField,8.2693,3.99719,0.0283121,0.0487521,0.112261,0.0417806,1,0,0,2.02639,0.073,0,0
MKM,rapidMKM_Kase2008,HSG,0.312,0.073,4.611,0.365,Spectrum,ParticleFieldBF340.mixedField,8.37487,4.27902,0.0269405,0.0437964,0.0981389,0.0363704,1,0,0,2.00534,0.073,0,0
MKM,rapidMKM_Kase2008,HSG,0.312,0.073,4.611,0.365,Spectrum,ParticleFieldBF341.mixedField,8.5316,4.23341,0.0273677,0.045968,0.104578,0.0386624,1,0,0,2.02254,0.073,0,0
MKM,rapidMKM_Kase2008,HSG,0.312,0.073,4.611,0.365,Spectrum,ParticleFieldBF342.mixedField,8.71548,4.17482,0.0280898,0.0491123,0.113958,0.0418228,1,0,0,2.03229,0.073,0,0
MKM,rapidMKM_Kase2008,HSG,0.312,0.073,4.611,0.365,Spectrum,ParticleFieldBF343.mixedField,8.25379,4.13141,0.0288187,0.0481965,0.109423,0.0397639,1,0,0,2.03514,0.073,0,0
MKM,rapidMKM_Kase2008,HSG,0.312,0.073,4.611,0.365,Spectrum,ParticleFieldBF344.mixedField,8.6364,4.4652,0.0272753,0.0441877,0.0988622,0.0357144,1,0,0,2.01642,0.073,0,0
MKM,rapidMKM_Kase2008,HSG,0.312,0.073,4.611,0.365,Spectrum,ParticleFieldBF345.mixedField,8.3804,4.05616,0.0257268,0.0435659,0.0995015,0.0387174,1,0,0,1.99169,0.073,0,0
MKM,rapidMKM_Kase2008,HSG,0.312,0.073,4.611,0.365,Spectrum,ParticleFieldBF346.mixedField,8.51378,3.93949,0.0289284,0.0522586,0.123332,0.0456594,1,0,0,2.01723,0.073,0,0
MKM,rapidMKM_Kase2008,HSG,0.312,0.073,4.611,0.365,Spectrum,ParticleFieldBF347.mixedField,8.60894,4.5088,0.0290851,0.0470452,0.105181,0.0365707,1,0,0,2.04576,0.073,0,0
MKM,rapidMKM_Kase2008,HSG,0.312,0.073,4.611,0.365,Spectrum,ParticleFieldBF348.mixedField,8.46219,4.20589,0.0292142,0.049471,0.112988,0.040475,1,0,0,2.04236,0.073,0,0
MKM,rapidMKM_Kase2008,HSG,0.312,0.073,4.611,0.365,Spectrum,ParticleFieldBF349.mixedField,8.39117,3.9561,0.0246098,0.0423105,0.0973524,0.039206,1,0,0,1.97216,0.073,0,0
MKM,rapidMKM_Kase2008,HSG,0.312,0.073,4.611,0.365,Spectrum,ParticleFieldBF350.mixedField,8.41464,4.18518,0.0296923,0.0503347,0.11502,0.0409373,1,0,0,2.04471,0.073,0,0
MKM,rapidMKM_Kase2008,HSG,0.312,0.073,4.611,0.365,Spectrum,ParticleFieldBF351.mixedField,8.80864,4.61998,0.029271,0.0474788,0.106284,0.0364761,1,0,0,2.05228,0.073,0,0
MKM,rapidMKM_Kase2008,HSG,0.312,0.073,4.611,0.365,Spectrum,ParticleFieldBF352.mixedField,8.40768,4.09385,0.0269731,0.0458642,0.104959,0.0396782,1,0,0,2.01446,0.073,0,0
MKM,rapidMKM_Kase2008,HSG,0.312,0.073,4.611,0.365,Spectrum,ParticleFieldBF353.mixedField,8.36757,4.36351,0.0304744,0.0496303,0.111302,0.0383259,1,0,0,2.05694,0.073,0,0
MKM,rapidMKM_Kase2008,HSG,0.312,0.073,4.611,0.365,Spectrum,ParticleFieldBF354.mixedField,8.40785,4.29298,0.0291344,0.0480688,0.108443,0.0385315,1,0,0,2.04292,0.073,0,0
MKM,rapidMKM_Kase2008,HSG,0.312,0.073,4.611,0.365,Spectrum,ParticleFieldBF355.mixedField,8.68864,4.35131,0.0275065,0.0459921,0.104407,0.0380282,1,0,0,2.02785,0.073,0,0
MKM,rapidMKM_Kase2008,HSG,0.312,0.073,4.611,0.365,Spectrum,ParticleFieldBF356.mixedField,8.82042,4.11877,0.0268725,0.0478241,0.111983,0.0423111,1,0,0,2.02,0.073,0,0
MKM,rapidMKM_Kase2008,HSG,0.312,0.073,4.611,0.365,Spectrum,ParticleFieldBF357.mixedField,8.33874,4.16163,0.0314809,0.0535944,0.122722,0.0424508,1,0,0,2.04901,0.073,0,0
MKM,rapidMKM_Kase2008,HSG,0.312,0.073,4.611,0.365,Spectrum,ParticleFieldBF358.mixedField,8.3648,4.19104,0.0266049,0.0439198,0.0991085,0.0373312,1,0,0,2.00269,0.073,0,0
MKM,rapidMKM_Kase2008,HSG,0.312,0.073,4.611,0.365,Spectrum,ParticleFieldBF359.mixedField,8.63084,4.20241,0.028413,0.0489568,0.112768,0.041019,1,0,0,2.03615,0.073,0,0
MKM,rapidMKM_Kase2008,HSG,0.312,0.073,4.611,0.365,Spectrum,ParticleFieldBF360.mixedField,8.55435,4.28726,0.0284861,0.047758,0.108554,0.0390747,1,0,0,2.03817,0.073,0,0
MKM,rapidMKM_Kase2008,HSG,0.312,0.073,4.611,0.365,Spectrum,ParticleFieldBF361.mixedField,8.36796,4.12976,0.0276597,0.0466305,0.106272,0.0394879,1,0,0,2.02315,0.073,0,0
MKM,rapidMKM_Kase2008,HSG,0.312,0.073,4.611,0.365,Spectrum,ParticleFieldBF362.mixedField,9.01002,4.5565,0.0272442,0.0453211,0.102636,0.0368492,1,0,0,2.02932,0.073,0,0
MKM,rapidMKM_Kase2008,HSG,0.312,0.073,4.611,0.365,Spectrum,ParticleFieldBF363.mixedField,9.22206,4.5577,0.0299371,0.0517813,0.119502,0.0408633,1,0,0,2.05815,0.073,0,0
MKM,rapidMKM_Kase2008,HSG,0.312,0.073,4.611,0.365,Spectrum,ParticleFieldBF364.mixedField,8.53227,4.24683,0.0251078,0.0413714,0.0932775,0.0360208,1,0,0,1.97271,0.073,0,0
MKM,rapidMKM_Kase2008,HSG,0.312,0.073,4.611,0.365,Spectrum,ParticleFieldBF365.mixedField,8.97338,4.49436,0.0274095,0.0460235,0.104688,0.0376931,1,0,0,2.03266,0.073,0,0
MKM,rapidMKM_Kase2008,HSG,0.312,0.073,4.611,0.365,Spectrum,ParticleFieldBF366.mixedField,8.70555,4.34339,0.0259241,0.0430482,0.0974078,0.0366277,1,0,0,1.99796,0.073,0,0
MKM,rapidMKM_Kase2008,HSG,0.312,0.073,4.611,0.365,Spectrum,ParticleFieldBF367.mixedField,8.80751,4.50865,0.0289496,0.0479373,0.108328,0.0378149,1,0,0,2.04938,0.073,0,0
MKM,rapidMKM_Kase2008,HSG,0.312,0.073,4.611,0.365,Spectrum,ParticleFieldBF368.mixedField,9.15513,4.4953,0.0255498,0.0432892,0.0988952,0.036967,1,0,0,2.00502,0.073,0,0
MKM,rapidMKM_Kase2008,HSG,0.312,0.073,4.611,0.365,Spectrum,ParticleFieldBF369.mixedField,8.6828,4.42554,0.0278559,0.0459273,0.103578,0.0371787,1,0,0,2.03145,0.073,0,0
MKM,rapidMKM_Kase2008,HSG,0.312,0.073,4.611,0.365,Spectrum,ParticleFieldBF370.mixedField,8.93804,4.19773,0.0245316,0.042795,0.0991867,0.0390026,1,0,0,1.98696,0.073,0,0
MKM,rapidMKM_Kase2008,HSG,0.312,0.073,4.611,0.365,Spectrum,ParticleFieldBF371.mixedField,9.06827,4.4473,0.0255162,0.0432044,0.0986704,0.0370721,1,0,0,2.00249,0.073,0,0
MKM,rapidMKM_Kase2008,HSG,0.312,0.073,4.611,0.365,Spectrum,ParticleFieldBF372.mixedField,8.90792,4.33032,0.0283077,0.0490643,0.113348,0.0407668,1,0,0,2.04086,0.073,0,0
MKM,rapidMKM_Kase2008,HSG,0.312,0.073,4.611,0.365,Spectrum,ParticleFieldBF373.mixedField,9.10676,4.34886,0.0244096,0.0420285,0.0967745,0.0375881,1,0,0,1.98437,0.073,0,0
MKM,rapidMKM_Kase2008,HSG,0.312,0.073,4.611,0.365,Spectrum,ParticleFieldBF374.mixedField,9.16254,4.58594,0.0246789,0.0408181,0.0921907,0.0347738,1,0,0,1.97566,0.073,0,0
MKM,rapidMKM_Kase2008,HSG,0.312,0.073,4.611,0.365,Spectrum,ParticleFieldBF375.mixedField,9.07576,4.40464,0.0256872,0.0439756,0.100972,0.0379656,1,0,0,2.00868,0.073,0,0
MKM,rapidMKM_Kase2008,HSG,0.312,0.073,4.611,0.365,Spectrum,ParticleFieldBF376.mixedField,8.88507,4.43336,0.0273173,0.0459364,0.104563,0.0379269,1,0,0,2.02973,0.073,0,0
MKM,rapidMKM_Kase2008,HSG,0.312,0.073,4.611,0.365,Spectrum,ParticleFieldBF377.mixedField,9.30895,4.69512,0.0283168,0.047744,0.108816,0.0378156,1,0,0,2.05168,0.073,0,0
MKM,rapidMKM_Kase2008,HSG,0.312,0.073,4.611,0.365,Spectrum,ParticleFieldBF378.mixedField,9.5846,4.42229,0.0243571,0.0436464,0.102569,0.0396117,1,0,0,2.00213,0.073,0,0
MKM,rapidMKM_Kase2008,HSG,0.312,0.073,4.611,0.365,Spectrum,ParticleFieldBF379.mixedField,8.64444,4.29449,0.0264753,0.0442535,0.100445,0.0375487,1,0,0,2.0093,0.073,0,0
MKM,rapidMKM_Kase2008,HSG,0.312,0.073,4.611,0.365,Spectrum,ParticleFieldBF380.mixedField,8.7206,4.35628,0.0293351,0.0497086,0.113567,0.0399734,1,0,0,2.04945,0.073,0,0
MKM,rapidMKM_Kase2008,HSG,0.312,0.073,4.611,0.365,Spectrum,ParticleFieldBF381.mixedField,8.66995,3.99761,0.0253478,0.0450093,0.10527,0.0415595,1,0,0,1.99692,0.073,0,0
MKM,rapidMKM_Kase2008,HSG,0.312,0.073,4.611,0.365,Spectrum,ParticleFieldBF382.mixedField,9.02397,4.23761,0.0238187,0.0413814,0.0957128,0.0380681,1,0,0,1.97189,0.073,0,0
MKM,rapidMKM_Kase2008,HSG,0.312,0.073,4.611,0.365,Spectrum,ParticleFieldBF383.mixedField,8.64693,4.23474,0.024977,0.0418298,0.0950307,0.0368644,1,0,0,1.97837,0.073,0,0
MKM,rapidMKM_Kase2008,HSG,0.312,0.073,4.611,0.365,Spectrum,ParticleFieldBF384.mixedField,9.06447,4.18864,0.027098,0.0489843,0.115646,0.0431582,1,0,0,2.02425,0.073,0,0
MKM,rapidMKM_Kase2008,HSG,0.312,0.073,4.611,0.365,Spectrum,ParticleFieldBF385.mixedField,8.81745,4.372,0.0294679,0.0503954,0.115653,0.0405461,1,0,0,2.0507,0.073,0,0
MKM,rapidMKM_Kase2008,HSG,0.312,0.073,4.611,0.365,Spectrum,ParticleFieldBF386.mixedField,8.96522,4.40277,0.0282178,0.048471,0.111479,0.0398877,1,0,0,2.04262,0.073,0,0
MKM,rapidMKM_Kase2008,HSG,0.312,0.073,4.611,0.365,Spectrum,ParticleFieldBF387.mixedField,8.85528,4.28815,0.0268934,0.0463367,0.10673,0.0396073,1,0,0,2.02439,0.073,0,0
MKM,rapidMKM_Kase2008,HSG,0.312,0.073,4.611,0.365,Spectrum,ParticleFieldBF388.mixedField,8.78124,4.15615,0.02611,0.0456268,0.105842,0.0404529,1,0,0,2.01137,0.073,0,0
MKM,rapidMKM_Kase2008,HSG,0.312,0.073,4.611,0.365,Spectrum,ParticleFieldBF389.mixedField,9.00118,4.22852,0.0260501,0.0460157,0.107334,0.0407475,1,0,0,2.01588,0.073,0,0
MKM,rapidMKM_Kase2008,HSG,0.312,0.073,4.611,0.365,Spectrum,ParticleFieldBF390.mixedField,9.45833,4.67602,0.0276936,0.0475086,0.109195,0.0384733,1,0,0,2.04709,0.073,0,0
MKM,rapidMKM_Kase2008,HSG,0.312,0.073,4.611,0.365,Spectrum,ParticleFieldBF391.mixedField,8.70132,4.45734,0.0290717,0.0480616,0.108528,0.0379688,1,0,0,2.04879,0.073,0,0
MKM,rapidMKM_Kase2008,HSG,0.312,0.073,4.611,0.365,Spectrum,ParticleFieldBF392.mixedField,9.07779,4.14098,0.0253027,0.0457357,0.107972,0.0419892,1,0,0,2.00613,0.073,0,0
MKM,rapidMKM_Kase2008,HSG,0.312,0.073,4.611,0.365,Spectrum,ParticleFieldBF393.mixedField,8.98774,4.29864,0.0270945,0.0473894,0.10998,0.0406145,1,0,0,2.02924,0.073,0,0
MKM,rapidMKM_Kase2008,HSG,0.312,0.073,4.611,0.365,Spectrum,ParticleFieldBF394.mixedField,9.19873,4.64043,0.0267676,0.0446356,0.101198,0.0363969,1,0,0,2.02509,0.073,0,0
MKM,rapidMKM_Kase2008,HSG,0.312,0.073,4.611,0.365,Spectrum,ParticleFieldBF395.mixedField,9.00643,4.48464,0.0284195,0.0482846,0.110455,0.0390665,1,0,0,2.04657,0.073,0,0
MKM,rapidMKM_Kase2008,HSG,0.312,0.073,4.611,0.365,Spectrum,ParticleFieldBF396.mixedField,8.61689,4.11456,0.0247569,0.0423269,0.0971235,0.0383461,1,0,0,1.97924,0.073,0,0
MKM,rapidMKM_Kase2008,HSG,0.312,0.073,4.611,0.365,Spectrum,ParticleFieldBF397.mixedField,8.81008,4.29458,0.0270879,0.0464085,0.106597,0.039382,1,0,0,2.02596,0.073,0,0
MKM,rapidMKM_Kase2008,HSG,0.312,0.073,4.611,0.365,Spectrum,ParticleFieldBF398.mixedField,8.5532,4.1529,0.0252309,0.0425906,0.0971252,0.0378029,1,0,0,1.98459,0.073,0,0
MKM,rapidMKM_Kase2008,HSG,0.312,0.073,4.611,0.365,Spectrum,ParticleFieldBF399.mixedField,8.26147,4.07305,0.027324,0.0459121,0.10447,0.0392907,1,0,0,2.01566,0.073,0,0
